РЕГИОН,ГОРОД,РАЙОН,НАЗВАНИЕ,ТИП,ТИП_НАЗВАНИЕ,АДРЕС,САЙТ,ДОМЕН_SUDRF,ПАРСЕР,КОД
Свердловская область,Алапаевск,,Алапаевский городской суд Свердловской области,RS,"Районный, городской, межрайонный суд","624600, Свердловская обл, г Алапаевск, ул Братьев Серебряковых, д 16",https://alapaevsky--svd.sudrf.ru/,alapaevsky--svd.sudrf.ru,да,66RS0014
Свердловская область,Артемовский,,Артемовский городской суд Свердловской области,RS,"Районный, городской, межрайонный суд","623780, Свердловская обл, г Артемовский, ул Гагарина, д 21",https://artemovsky--svd.sudrf.ru/,artemovsky--svd.sudrf.ru,да,66RS0016
Свердловская область,Арти,Артинский,Артинский районный суд Свердловской области,RS,"Районный, городской, межрайонный суд","623340, Свердловская обл, пгт Арти, ул Ленина, стр 98",https://artinsky--svd.sudrf.ru/,artinsky--svd.sudrf.ru,да,66RS0017
Свердловская область,Асбест,,Асбестовский городской суд Свердловской области,RS,"Районный, городской, межрайонный суд","624272, Свердловская обл, г Асбест, ул имени Александра Королева, стр 24",https://asbestovsky--svd.sudrf.ru/,asbestovsky--svd.sudrf.ru,да,66RS0015
Свердловская область,Белоярский,Белоярский,Белоярский районный суд Свердловской области,RS,"Районный, городской, межрайонный суд","624030, Свердловская обл, пгт Белоярский, ул Милицейская, д 14",https://beloyarsky--svd.sudrf.ru/,beloyarsky--svd.sudrf.ru,да,66RS0020
Свердловская область,Березовский,,Березовский городской суд Свердловской области,RS,"Районный, городской, межрайонный суд","623700, Свердловская обл, г Березовский, ул Загвозкина, стр 8",https://berezovsky--svd.sudrf.ru/,berezovsky--svd.sudrf.ru,да,66RS0022
Свердловская область,Богданович,,Богдановичский городской суд Свердловской области,RS,"Районный, городской, межрайонный суд","623530, Свердловская обл, Богдановичский р-н, г Богданович, ул Партизанская, д 15А",https://bogdanovichsky--svd.sudrf.ru/,bogdanovichsky--svd.sudrf.ru,да,66RS0021
Свердловская область,Верхняя Пышма,,Верхнепышминский городской суд Свердловской области,RS,"Районный, городской, межрайонный суд","624096, Свердловская обл, г Верхняя Пышма, пр-кт Успенский, д 50",https://verhnepyshminsky--svd.sudrf.ru/,verhnepyshminsky--svd.sudrf.ru,да,66RS0024
Свердловская область,Верхняя Салда,Верхнесалдинский,Верхнесалдинский районный суд Свердловской области,RS,"Районный, городской, межрайонный суд","624761, Свердловская обл, Верхнесалдинский р-н, г Верхняя Салда, ул Спортивная, д 2 к 4",https://verhnesaldinsky--svd.sudrf.ru/,verhnesaldinsky--svd.sudrf.ru,да,66RS0025
Свердловская область,Верхотурье,Верхотурский,Верхотурский районный суд Свердловской области,RS,"Районный, городской, межрайонный суд","624380, Свердловская обл, г Верхотурье, ул Карла Маркса, д 1",https://verhotursky--svd.sudrf.ru/,verhotursky--svd.sudrf.ru,да,66RS0023
Свердловская область,Екатеринбург,Академический,Академический районный суд города Екатеринбурга Свердловской области,RS,"Районный, городской, межрайонный суд","620105, г Екатеринбург, ул Вильгельма де Геннина, д 46/1",https://akademicheskiy--svd.sudrf.ru/,akademicheskiy--svd.sudrf.ru,да,66RS0062
Свердловская область,Екатеринбург,Верх-Исетский,Верх-Исетский районный суд г. Екатеринбурга Свердловской области,RS,"Районный, городской, межрайонный суд","620014, г Екатеринбург, ул Малышева, д 2Б",https://verhisetsky--svd.sudrf.ru/,verhisetsky--svd.sudrf.ru,да,66RS0001
Свердловская область,Екатеринбург,Железнодорожный,Железнодорожный районный суд г. Екатеринбурга Свердловской области,RS,"Районный, городской, межрайонный суд","620141, г Екатеринбург, ул Пехотинцев, д 23",https://zheleznodorozhny--svd.sudrf.ru/,zheleznodorozhny--svd.sudrf.ru,да,66RS0002
Свердловская область,Екатеринбург,Кировский,Кировский районный суд г. Екатеринбурга Свердловской области,RS,"Районный, городской, межрайонный суд","620075, г Екатеринбург, ул Бажова, д 31А",https://kirovsky--svd.sudrf.ru/,kirovsky--svd.sudrf.ru,да,66RS0003
Свердловская область,Екатеринбург,Ленинский,Ленинский районный суд г. Екатеринбурга Свердловской области,RS,"Районный, городской, межрайонный суд","620142, г Екатеринбург, ул Щорса, стр 68",https://leninskyeka--svd.sudrf.ru/,leninskyeka--svd.sudrf.ru,да,66RS0004
Свердловская область,Екатеринбург,Октябрьский,Октябрьский районный суд г. Екатеринбурга Свердловской области,RS,"Районный, городской, межрайонный суд","620026, г Екатеринбург, ул Народной воли, стр 81",https://oktiabrsky--svd.sudrf.ru/,oktiabrsky--svd.sudrf.ru,да,66RS0005
Свердловская область,Екатеринбург,Орджоникидзевский,Орджоникидзевский районный суд г. Екатеринбурга Свердловской области,RS,"Районный, городской, межрайонный суд","620012, г Екатеринбург, пл 1-й Пятилетки, стр 64",https://ordzhonikidzevsky--svd.sudrf.ru/,ordzhonikidzevsky--svd.sudrf.ru,да,66RS0006
Свердловская область,Екатеринбург,,Свердловский областной суд,OS,Областной и равный ему суд,"620019, г Екатеринбург, ул Московская, стр 120",https://oblsud--svd.sudrf.ru/,oblsud--svd.sudrf.ru,да,66OS0000
Свердловская область,Екатеринбург,Чкаловский,Чкаловский районный суд г. Екатеринбурга Свердловской области,RS,"Районный, городской, межрайонный суд","620130, г Екатеринбург, ул Авиационная, стр 65А",https://chkalovsky--svd.sudrf.ru/,chkalovsky--svd.sudrf.ru,да,66RS0007
Свердловская область,Ивдель,,Ивдельский городской суд Свердловской области,RS,"Районный, городской, межрайонный суд","624590, Свердловская обл, г Ивдель, ул Механошина, д 46",https://ivdelsky--svd.sudrf.ru/,ivdelsky--svd.sudrf.ru,да,66RS0027
Свердловская область,Ирбит,Ирбитский,Ирбитский районный суд Свердловской области,RS,"Районный, городской, межрайонный суд","623856, Свердловская обл, г Ирбит, ул 50 лет Октября, д 27",https://irbitsky--svd.sudrf.ru/,irbitsky--svd.sudrf.ru,да,66RS0028
Свердловская область,Каменск-Уральский,Каменский,Каменский районный суд Свердловской области,RS,"Районный, городской, межрайонный суд","623400, Свердловская обл, г Каменск-Уральский, ул Рябова, д 2",https://kamensky--svd.sudrf.ru/,kamensky--svd.sudrf.ru,да,66RS0013
Свердловская область,Каменск-Уральский,Красногорский,Красногорский районный суд г. Каменск-Уральского Свердловской области,RS,"Районный, городской, межрайонный суд","623400, Свердловская обл, г Каменск-Уральский, ул Тевосяна, зд 3",https://krasnogorsky--svd.sudrf.ru/,krasnogorsky--svd.sudrf.ru,да,66RS0011
Свердловская область,Каменск-Уральский,Синарский,Синарский районный суд г. Каменск-Уральского Свердловской области,RS,"Районный, городской, межрайонный суд","623400, Свердловская обл, г Каменск-Уральский, ул Тевосяна, зд 1",https://sinarsky--svd.sudrf.ru/,sinarsky--svd.sudrf.ru,да,66RS0012
Свердловская область,Камышлов,Камышловский,Камышловский районный суд Свердловской области,RS,"Районный, городской, межрайонный суд","624860, Свердловская обл, г Камышлов, ул Ленина, зд 13",https://kamyshlovsky--svd.sudrf.ru/,kamyshlovsky--svd.sudrf.ru,да,66RS0029
Свердловская область,Карпинск,,Карпинский городской суд Свердловской области,RS,"Районный, городской, межрайонный суд","624930, Свердловская обл, г Карпинск, ул Мира, зд 60",https://karpinsky--svd.sudrf.ru/,karpinsky--svd.sudrf.ru,да,66RS0030
Свердловская область,Качканар,,Качканарский городской суд Свердловской области,RS,"Районный, городской, межрайонный суд","624350, Свердловская обл, г Качканар, ул Октябрьская, д 2В",https://kachkanarsky--svd.sudrf.ru/,kachkanarsky--svd.sudrf.ru,да,66RS0031
Свердловская область,Кировград,,Кировградский городской суд Свердловской области,RS,"Районный, городской, межрайонный суд","624142, Свердловская обл, г Кировград, ул Гагарина, зд 1",https://kirovgradsky--cvd.sudrf.ru/,kirovgradsky--cvd.sudrf.ru,да,66RS0032
Свердловская область,Краснотурьинск,,Краснотурьинский городской суд Свердловской области,RS,"Районный, городской, межрайонный суд","624440, Свердловская обл, г Краснотурьинск, ул Фрунзе, д 51А",https://krasnoturinsky--svd.sudrf.ru/,krasnoturinsky--svd.sudrf.ru,да,66RS0033
Свердловская область,Красноуральск,,Красноуральский городской суд Свердловской области,RS,"Районный, городской, межрайонный суд","624330, Свердловская обл, г Красноуральск, ул Железнодорожная, зд 15",https://krasnouralsky--svd.sudrf.ru/,krasnouralsky--svd.sudrf.ru,да,66RS0034
Свердловская область,Красноуфимск,Красноуфимский,Красноуфимский районный суд Свердловской области,RS,"Районный, городской, межрайонный суд","623300, Свердловская обл, г Красноуфимск, ул Советская, д 24Б",https://krasnoufimsky--svd.sudrf.ru/,krasnoufimsky--svd.sudrf.ru,да,66RS0035
Свердловская область,Кушва,,Кушвинский городской суд Свердловской области,RS,"Районный, городской, межрайонный суд","624300, Свердловская обл, г Кушва, ул Строителей, зд 11",https://kushvinsky--svd.sudrf.ru/,kushvinsky--svd.sudrf.ru,да,66RS0036
Свердловская область,Лесной,,Городской суд г. Лесного Свердловской области,RS,"Районный, городской, межрайонный суд","624200, Свердловская обл, г Лесной, ул Белинского, д 27",https://lesnoy--svd.sudrf.ru/,lesnoy--svd.sudrf.ru,да,66RS0037
Свердловская область,Невьянск,,Невьянский городской суд Свердловской области,RS,"Районный, городской, межрайонный суд","624192, Свердловская обл, г Невьянск, ул Вайнера, д 2А",https://neviansky--svd.sudrf.ru/,neviansky--svd.sudrf.ru,да,66RS0038
Свердловская область,Нижние Серги,Нижнесергинский,Нижнесергинский районный суд Свердловской области,RS,"Районный, городской, межрайонный суд","623090, Свердловская обл, г Нижние Серги, ул Титова, д 81",https://nizhneserginsky--svd.sudrf.ru/,nizhneserginsky--svd.sudrf.ru,да,66RS0039
Свердловская область,Нижний Тагил,Дзержинский,Дзержинский районный суд г. Нижний Тагил Свердловской области,RS,"Районный, городской, межрайонный суд","622018, Свердловская обл, г Нижний Тагил, ул Окунева, д 40",https://dzerzhinsky--svd.sudrf.ru/,dzerzhinsky--svd.sudrf.ru,да,66RS0008
Свердловская область,Нижний Тагил,Ленинский,Ленинский районный суд г. Нижний Тагил Свердловской области,RS,"Районный, городской, межрайонный суд","622001, Свердловская обл, г Нижний Тагил, ул Ломоносова, д 2",https://leninskytag--svd.sudrf.ru/,leninskytag--svd.sudrf.ru,да,66RS0009
Свердловская область,Нижний Тагил,Пригородный,Пригородный районный суд Свердловской области,RS,"Районный, городской, межрайонный суд","622001, Свердловская обл, г Нижний Тагил, ул Карла Маркса, д 3А",https://prigorodny--svd.sudrf.ru/,prigorodny--svd.sudrf.ru,да,66RS0046
Свердловская область,Нижний Тагил,Тагилстроевский,Тагилстроевский районный суд г. Нижний Тагил Свердловской области,RS,"Районный, городской, межрайонный суд","622005, Свердловская обл, г Нижний Тагил, ул Металлургов, д 40",https://tagilstroevsky--svd.sudrf.ru/,tagilstroevsky--svd.sudrf.ru,да,66RS0010
Свердловская область,Нижняя Тура,,Нижнетуринский городской суд Свердловской области,RS,"Районный, городской, межрайонный суд","624223, Свердловская обл, г Нижняя Тура, ул Малышева, д 11",https://nizhneturinsky--svd.sudrf.ru/,nizhneturinsky--svd.sudrf.ru,да,66RS0040
Свердловская область,Новоуральск,,Новоуральский городской суд Свердловской области,RS,"Районный, городской, межрайонный суд","624130, Свердловская обл, г Новоуральск, ул Ленина, зд 39",https://novouralsky--svd.sudrf.ru/,novouralsky--svd.sudrf.ru,да,66RS0043
Свердловская область,Первоуральск,,Первоуральский городской суд Свердловской области,RS,"Районный, городской, межрайонный суд","623101, Свердловская обл, г Первоуральск, ул Ватутина, д 61А",https://pervouralsky--svd.sudrf.ru/,pervouralsky--svd.sudrf.ru,да,66RS0044
Свердловская область,Полевской,,Полевской городской суд Свердловской области,RS,"Районный, городской, межрайонный суд","623384, Свердловская обл, г Полевской, ул Декабристов, стр 24А",https://polevskoy--svd.sudrf.ru/,polevskoy--svd.sudrf.ru,да,66RS0045
Свердловская область,Ревда,,Ревдинский городской суд Свердловской области,RS,"Районный, городской, межрайонный суд","623280, Свердловская обл, г Ревда, ул Мира, зд 48",https://revdinsky--svd.sudrf.ru/,revdinsky--svd.sudrf.ru,да,66RS0048
Свердловская область,Реж,,Режевской городской суд Свердловской области,RS,"Районный, городской, межрайонный суд","623750, Свердловская обл, г Реж, ул Пушкина, д 6",https://rezhevskoy--svd.sudrf.ru/,rezhevskoy--svd.sudrf.ru,да,66RS0049
Свердловская область,Североуральск,,Североуральский городской суд Свердловской области,RS,"Районный, городской, межрайонный суд","624480, Свердловская обл, г Североуральск, ул Каржавина, стр 9",https://severouralsky--svd.sudrf.ru/,severouralsky--svd.sudrf.ru,да,66RS0050
Свердловская область,Серов,Серовский,Серовский районный суд Свердловской области,RS,"Районный, городской, межрайонный суд","624992, Свердловская обл, г Серов, ул Кирова, стр 1",https://serovsky--svd.sudrf.ru/,serovsky--svd.sudrf.ru,да,66RS0051
Свердловская область,Сухой Лог,,Сухоложский городской суд Свердловской области,RS,"Районный, городской, межрайонный суд","624800, Свердловская обл, Сухоложский р-н, г Сухой Лог, ул Победы, д 3",https://suholozhsky--svd.sudrf.ru/,suholozhsky--svd.sudrf.ru,да,66RS0052
Свердловская область,Сысерть,Сысертский,Сысертский районный суд Свердловской области,RS,"Районный, городской, межрайонный суд","624022, Свердловская обл, г Сысерть, ул Карла Маркса, зд 86",https://sysertsky--svd.sudrf.ru/,sysertsky--svd.sudrf.ru,да,66RS0053
Свердловская область,Тавда,Тавдинский,Тавдинский районный суд Свердловской области,RS,"Районный, городской, межрайонный суд","623950, Свердловская обл, Тавдинский р-н, г Тавда, ул Кирова, д 122",https://tavdinsky--svd.sudrf.ru/,tavdinsky--svd.sudrf.ru,да,66RS0056
Свердловская область,Талица,Талицкий,Талицкий районный суд Свердловской области,RS,"Районный, городской, межрайонный суд","623640, Свердловская обл, г Талица, ул Луначарского, д 82",https://talicky--svd.sudrf.ru/,talicky--svd.sudrf.ru,да,66RS0057
Свердловская область,Туринск,Туринский,Туринский районный суд Свердловской области,RS,"Районный, городской, межрайонный суд","623900, Свердловская обл, г Туринск, ул Свердлова, зд 46",https://turinsky--svd.sudrf.ru/,turinsky--svd.sudrf.ru,да,66RS0059
Свердловская область,Шаля,Шалинский,Шалинский районный суд Свердловской области,RS,"Районный, городской, межрайонный суд","623030, Свердловская обл, пгт Шаля, ул Кирова, зд 37А",https://shalinsky--svd.sudrf.ru/,shalinsky--svd.sudrf.ru,да,66RS0060
Челябинская область,Агаповка,Агаповский,Агаповский районный суд Челябинской области,RS,"Районный, городской, межрайонный суд","457400, Челябинская обл, с Агаповка, ул Школьная, д 64",https://agap--chel.sudrf.ru/,agap--chel.sudrf.ru,да,74RS0010
Челябинская область,Аргаяш,Аргаяшский,Аргаяшский районный суд Челябинской области,RS,"Районный, городской, межрайонный суд","456880, Челябинская обл, с Аргаяш, ул Комсомольская, д 4",https://arg--chel.sudrf.ru/,arg--chel.sudrf.ru,да,74RS0009
Челябинская область,Аша,,Ашинский городской суд Челябинской области,RS,"Районный, городской, межрайонный суд","456014, Челябинская обл, г Аша, ул Ленина, д 1",https://asha--chel.sudrf.ru/,asha--chel.sudrf.ru,да,74RS0008
Челябинская область,Варна,Варненский,Варненский районный суд Челябинской области,RS,"Районный, городской, межрайонный суд","457200, Челябинская обл, с Варна, пер Кооперативный, д 31А",https://varna--chel.sudrf.ru/,varna--chel.sudrf.ru,да,74RS0012
Челябинская область,Верхнеуральск,Верхнеуральский,Верхнеуральский районный суд Челябинской области,RS,"Районный, городской, межрайонный суд","457670, Челябинская обл, г Верхнеуральск, ул Карла Либкнехта, зд 44",https://vural--chel.sudrf.ru/,vural--chel.sudrf.ru,да,74RS0013
Челябинская область,Верхний Уфалей,,Верхнеуфалейский городской суд Челябинской области,RS,"Районный, городской, межрайонный суд","456800, Челябинская обл, г Верхний Уфалей, ул Ленина, д 166",https://vurfal--chel.sudrf.ru/,vurfal--chel.sudrf.ru,да,74RS0014
Челябинская область,Долгодеревенское,Сосновский,Сосновский районный суд Челябинской области,RS,"Районный, городской, межрайонный суд","456510, Челябинская обл, с Долгодеревенское, пер Школьный, д 7А",https://sosn--chel.sudrf.ru/,sosn--chel.sudrf.ru,да,74RS0038
Челябинская область,Еманжелинск,,Еманжелинский городской суд Челябинской области,RS,"Районный, городской, межрайонный суд","456580, Челябинская обл, г Еманжелинск, ул Горького, д 2А",https://emang--chel.sudrf.ru/,emang--chel.sudrf.ru,да,74RS0015
Челябинская область,Еткуль,Еткульский,Еткульский районный суд Челябинской области,RS,"Районный, городской, межрайонный суд","456560, Челябинская обл, с Еткуль, ул Кирова, д 35",https://etkul--chel.sudrf.ru/,etkul--chel.sudrf.ru,да,74RS0016
Челябинская область,Златоуст,,Златоустовский городской суд Челябинской области,RS,"Районный, городской, межрайонный суд","456200, Челябинская обл, г Златоуст, ул им. Виталия Ковшова, д 33",https://zlatoust--chel.sudrf.ru/,zlatoust--chel.sudrf.ru,да,74RS0017
Челябинская область,Карталы,,Карталинский городской суд Челябинской области,RS,"Районный, городской, межрайонный суд","457351, Челябинская обл, г Карталы, ул Славы, д 15",https://kart--chel.sudrf.ru/,kart--chel.sudrf.ru,да,74RS0021
Челябинская область,Касли,,Каслинский городской суд Челябинской области,RS,"Районный, городской, межрайонный суд","456830, Челябинская обл, г Касли, ул Советская, д 45",https://kasli--chel.sudrf.ru/,kasli--chel.sudrf.ru,да,74RS0019
Челябинская область,Катав-Ивановск,,Катав-Ивановский городской суд Челябинской области,RS,"Районный, городской, межрайонный суд","456110, Челябинская обл, г Катав-Ивановск, ул Труда, д 1",https://kivan--chel.sudrf.ru/,kivan--chel.sudrf.ru,да,74RS0020
Челябинская область,Копейск,,Копейский городской суд Челябинской области,RS,"Районный, городской, межрайонный суд","456618, Челябинская обл, г Копейск, ул Ленина, д 60",https://kopeysk--chel.sudrf.ru/,kopeysk--chel.sudrf.ru,да,74RS0028
Челябинская область,Коркино,,Коркинский городской суд Челябинской области,RS,"Районный, городской, межрайонный суд","456550, Челябинская обл, г Коркино, ул Мира, д 34",https://korkin--chel.sudrf.ru/,korkin--chel.sudrf.ru,да,74RS0022
Челябинская область,Кунашак,Кунашакский,Кунашакский районный суд Челябинской области,RS,"Районный, городской, межрайонный суд","456730, Челябинская обл, с Кунашак, ул Коммунистическая, д 5",https://kunash--chel.sudrf.ru/,kunash--chel.sudrf.ru,да,74RS0026
Челябинская область,Куса,Кусинский,Кусинский районный суд Челябинской области,RS,"Районный, городской, межрайонный суд","456940, Челябинская обл, г Куса, ул Советская, д 20",https://kusa--chel.sudrf.ru/,kusa--chel.sudrf.ru,да,74RS0024
Челябинская область,Кыштым,,Кыштымский городской суд Челябинской области,RS,"Районный, городской, межрайонный суд","456871, Челябинская обл, г Кыштым, ул Калинина, д 195",https://kishtim--chel.sudrf.ru/,kishtim--chel.sudrf.ru,да,74RS0027
Челябинская область,Магнитогорск,Ленинский,Ленинский районный суд г. Магнитогорска Челябинской области,RS,"Районный, городской, межрайонный суд","455000, Челябинская обл, г Магнитогорск, пр-кт Карла Маркса, д 39",https://maglen--chel.sudrf.ru/,maglen--chel.sudrf.ru,да,74RS0029
Челябинская область,Магнитогорск,Орджоникидзевский,Орджоникидзевский районный суд г. Магнитогорска Челябинской области,RS,"Районный, городской, межрайонный суд","455019, Челябинская обл, г Магнитогорск, ул Маяковского, д 23",https://magord--chel.sudrf.ru/,magord--chel.sudrf.ru,да,74RS0031
Челябинская область,Магнитогорск,Правобережный,Правобережный районный суд г. Магнитогорска Челябинской области,RS,"Районный, городской, межрайонный суд","455038, Челябинская обл, г Магнитогорск, ул Советской Армии, д 10",https://magprav--chel.sudrf.ru/,magprav--chel.sudrf.ru,да,74RS0030
Челябинская область,Миасс,,Миасский городской суд Челябинской области,RS,"Районный, городской, межрайонный суд","456300, Челябинская обл, г Миасс, ул Романенко, д 36",https://miass--chel.sudrf.ru/,miass--chel.sudrf.ru,да,74RS0032
Челябинская область,Миасское,Красноармейский,Красноармейский районный суд Челябинской области,RS,"Районный, городской, межрайонный суд","456660, Челябинская обл, с Миасское, ул Садовая, д 7",https://krasnoar--chel.sudrf.ru/,krasnoar--chel.sudrf.ru,да,74RS0025
Челябинская область,Озерск,,Озерский городской суд Челябинской области,RS,"Районный, городской, межрайонный суд","456784, Челябинская обл, г Озерск, пр-кт Ленина, д 41",https://ozersk--chel.sudrf.ru/,ozersk--chel.sudrf.ru,да,74RS0046
Челябинская область,Октябрьское,Октябрьский,Октябрьский районный суд Челябинской области,RS,"Районный, городской, межрайонный суд","457170, Челябинская обл, с Октябрьское, ул Комсомольская, д 14",https://oktyb--chel.sudrf.ru/,oktyb--chel.sudrf.ru,да,74RS0035
Челябинская область,Пласт,,Пластский городской суд Челябинской области,RS,"Районный, городской, межрайонный суд","457020, Челябинская обл, г Пласт, ул Октябрьская, д 47",https://plast--chel.sudrf.ru/,plast--chel.sudrf.ru,да,74RS0036
Челябинская область,Сатка,,Саткинский городской суд Челябинской области,RS,"Районный, городской, межрайонный суд","456912, Челябинская обл, г Сатка, ул 50 лет ВЛКСМ, д 4",https://satka--chel.sudrf.ru/,satka--chel.sudrf.ru,да,74RS0037
Челябинская область,Снежинск,,Снежинский городской суд Челябинской области,RS,"Районный, городской, межрайонный суд","456770, Челябинская обл, г Снежинск, ул Дзержинского, д 24",https://snez--chel.sudrf.ru/,snez--chel.sudrf.ru,да,74RS0047
Челябинская область,Трехгорный,,Трехгорный городской суд Челябинской области,RS,"Районный, городской, межрайонный суд","456080, Челябинская обл, г Трехгорный, ул Строителей, д 14",https://trexg--chel.sudrf.ru/,trexg--chel.sudrf.ru,да,74RS0048
Челябинская область,Троицк,,Троицкий городской суд Челябинской области,RS,"Районный, городской, межрайонный суд","457103, Челябинская обл, г Троицк, ул им. Ю.А. Гагарина, д 1",https://troickg--chel.sudrf.ru/,troickg--chel.sudrf.ru,да,74RS0049
Челябинская область,Увельский,Увельский,Увельский районный суд Челябинской области,RS,"Районный, городской, межрайонный суд","457000, Челябинская обл, п Увельский, ул 30 лет ВЛКСМ, д 12",https://uvel--chel.sudrf.ru/,uvel--chel.sudrf.ru,да,74RS0041
Челябинская область,Уйское,Уйский,Уйский районный суд Челябинской области,RS,"Районный, городской, межрайонный суд","456470, Челябинская обл, с Уйское, ул Советская, д 17",https://uisk--chel.sudrf.ru/,uisk--chel.sudrf.ru,да,74RS0040
Челябинская область,Усть-Катав,,Усть-Катавский городской суд Челябинской области,RS,"Районный, городской, межрайонный суд","456043, Челябинская обл, г Усть-Катав, ул Революционная, д 2",https://ukatav--chel.sudrf.ru/,ukatav--chel.sudrf.ru,да,74RS0042
Челябинская область,Чебаркуль,,Чебаркульский городской суд Челябинской области,RS,"Районный, городской, межрайонный суд","456440, Челябинская обл, г Чебаркуль, ул 9 Мая, д 7",https://chebar--chel.sudrf.ru/,chebar--chel.sudrf.ru,да,74RS0043
Челябинская область,Челябинск,Калининский,Калининский районный суд г. Челябинска,RS,"Районный, городской, межрайонный суд","454008, г Челябинск, ул Каслинская, д 42",https://kalin--chel.sudrf.ru/,kalin--chel.sudrf.ru,да,74RS0006
Челябинская область,Челябинск,Курчатовский,Курчатовский районный суд г. Челябинска,RS,"Районный, городской, межрайонный суд","454138, г Челябинск, ул Куйбышева, д 30",https://kurt--chel.sudrf.ru/,kurt--chel.sudrf.ru,да,74RS0007
Челябинская область,Челябинск,Ленинский,Ленинский районный суд г. Челябинска,RS,"Районный, городской, межрайонный суд","454139, г Челябинск, ул Новороссийская, д 50",https://lench--chel.sudrf.ru/,lench--chel.sudrf.ru,да,74RS0004
Челябинская область,Челябинск,Металлургический,Металлургический районный суд г. Челябинска,RS,"Районный, городской, межрайонный суд","454038, г Челябинск, ул Пекинская, д 8",https://metal--chel.sudrf.ru/,metal--chel.sudrf.ru,да,74RS0005
Челябинская область,Челябинск,,Седьмой кассационный суд общей юрисдикции,KJ,Кассационный суд общей юрисдикции,"454091, г Челябинск, ул Кирова, д 161",https://7kas.sudrf.ru/,7kas.sudrf.ru,да,74KJ0007
Челябинская область,Челябинск,Советский,Советский районный суд г. Челябинска,RS,"Районный, городской, межрайонный суд","454092, г Челябинск, ул Елькина, д 76",https://sovetsky--chel.sudrf.ru/,sovetsky--chel.sudrf.ru,да,74RS0001
Челябинская область,Челябинск,Тракторозаводский,Тракторозаводский районный суд г. Челябинска,RS,"Районный, городской, межрайонный суд","454085, г Челябинск, ул Танкистов, д 179",https://trz--chel.sudrf.ru/,trz--chel.sudrf.ru,да,74RS0003
Челябинская область,Челябинск,Центральный,Центральный районный суд г. Челябинска,RS,"Районный, городской, межрайонный суд","454091, г Челябинск, ул Коммуны, д 87",https://centr--chel.sudrf.ru/,centr--chel.sudrf.ru,да,74RS0002
Челябинская область,Челябинск,,Челябинский областной суд,OS,Областной и равный ему суд,"454006, г Челябинск, ул Труда, д 34",https://oblsud--chel.sudrf.ru/,oblsud--chel.sudrf.ru,да,74OS0000
Челябинская область,Южноуральск,,Южноуральский городской суд Челябинской области,RS,"Районный, городской, межрайонный суд","457040, Челябинская обл, г Южноуральск, ул Спортивная, д 11Б",https://uurals--chel.sudrf.ru/,uurals--chel.sudrf.ru,да,74RS0045
Санкт-Петербург,Санкт-Петербург,Василеостровский,Василеостровский районный суд города Санкт-Петербурга,RS,"Районный, городской, межрайонный суд","199178, г Санкт-Петербург, пр-кт Средний В.О., д 55",https://vos--spb.sudrf.ru/,vos--spb.sudrf.ru,да,78RS0001
Санкт-Петербург,Санкт-Петербург,,Второй апелляционный суд общей юрисдикции,AJ,Апелляционный суд общей юрисдикции,"191015, г Санкт-Петербург, пр-кт Суворовский, д 50-52",https://2ap.sudrf.ru/,2ap.sudrf.ru,да,78AJ0002
Санкт-Петербург,Санкт-Петербург,Выборгский,Выборгский районный суд города Санкт-Петербурга,RS,"Районный, городской, межрайонный суд","194291, г Санкт-Петербург, ул Сантьяго-де-Куба, д 3 к 3",https://vbr--spb.sudrf.ru/,vbr--spb.sudrf.ru,да,78RS0002
Санкт-Петербург,Санкт-Петербург,Дзержинский,Дзержинский районный суд города Санкт-Петербурга,RS,"Районный, городской, межрайонный суд","191123, г Санкт-Петербург, ул Восстания, д 38",https://dzr--spb.sudrf.ru/,dzr--spb.sudrf.ru,да,78RS0003
Санкт-Петербург,Санкт-Петербург,Зеленогорский,Зеленогорский районный суд города Санкт-Петербурга,RS,"Районный, городской, межрайонный суд","197720, г Санкт-Петербург, г Зеленогорск, ул Красных Курсантов, д 8",https://zgr--spb.sudrf.ru/,zgr--spb.sudrf.ru,да,78RS0004
Санкт-Петербург,Санкт-Петербург,Калининский,Калининский районный суд города Санкт-Петербурга,RS,"Районный, городской, межрайонный суд","195009, г Санкт-Петербург, ул Бобруйская, д 4",https://kln--spb.sudrf.ru/,kln--spb.sudrf.ru,да,78RS0005
Санкт-Петербург,Санкт-Петербург,Кировский,Кировский районный суд города Санкт-Петербурга,RS,"Районный, городской, межрайонный суд","198095, г Санкт-Петербург, ул Маршала Говорова, д 38",https://krv--spb.sudrf.ru/,krv--spb.sudrf.ru,да,78RS0006
Санкт-Петербург,Санкт-Петербург,Колпинский,Колпинский районный суд города Санкт-Петербурга,RS,"Районный, городской, межрайонный суд","196654, г Санкт-Петербург, г Колпино, ул Культуры, д 17",https://klp--spb.sudrf.ru/,klp--spb.sudrf.ru,да,78RS0007
Санкт-Петербург,Санкт-Петербург,Красногвардейский,Красногвардейский районный суд города Санкт-Петербурга,RS,"Районный, городской, межрайонный суд","195176, г Санкт-Петербург, ул Краснодонская, д 14",https://kgv--spb.sudrf.ru/,kgv--spb.sudrf.ru,да,78RS0008
Санкт-Петербург,Санкт-Петербург,Красносельский,Красносельский районный суд города Санкт-Петербурга,RS,"Районный, городской, межрайонный суд","198320, г Санкт-Петербург, г Красное Село, ул Суворова, д 3",https://ksl--spb.sudrf.ru/,ksl--spb.sudrf.ru,да,78RS0009
Санкт-Петербург,Санкт-Петербург,Кронштадтский,Кронштадтский районный суд города Санкт-Петербурга,RS,"Районный, городской, межрайонный суд","197760, г Санкт-Петербург, г Кронштадт, ул Карла Маркса, д 31",https://krn--spb.sudrf.ru/,krn--spb.sudrf.ru,да,78RS0010
Санкт-Петербург,Санкт-Петербург,Куйбышевский,Куйбышевский районный суд города Санкт-Петербурга,RS,"Районный, городской, межрайонный суд","191023, г Санкт-Петербург, ул Караванная, д 20",https://kbs--spb.sudrf.ru/,kbs--spb.sudrf.ru,да,78RS0011
Санкт-Петербург,Санкт-Петербург,,Ленинградский областной суд,OS,Областной и равный ему суд,"191187, г Санкт-Петербург, наб Реки Фонтанки, д 6",https://oblsud--lo.sudrf.ru/,oblsud--lo.sudrf.ru,да,47OS0000
Санкт-Петербург,Санкт-Петербург,Ленинский,Ленинский районный суд города Санкт-Петербурга,RS,"Районный, городской, межрайонный суд","190005, г Санкт-Петербург, ул 13-я Красноармейская, д 17Б",https://lnn--spb.sudrf.ru/,lnn--spb.sudrf.ru,да,78RS0012
Санкт-Петербург,Санкт-Петербург,Ломоносовский,Ломоносовский районный суд Ленинградской области,RS,"Районный, городской, межрайонный суд","198412, г Санкт-Петербург, г Ломоносов, ул Александровская, д 11",https://lomonosovsky--lo.sudrf.ru/,lomonosovsky--lo.sudrf.ru,да,47RS0011
Санкт-Петербург,Санкт-Петербург,Московский,Московский районный суд города Санкт-Петербурга,RS,"Районный, городской, межрайонный суд","196006, г Санкт-Петербург, пр-кт Московский, д 129",https://msk--spb.sudrf.ru/,msk--spb.sudrf.ru,да,78RS0014
Санкт-Петербург,Санкт-Петербург,Невский,Невский районный суд города Санкт-Петербурга,RS,"Районный, городской, межрайонный суд","192029, г Санкт-Петербург, ул Ольги Берггольц, д 12",https://nvs--spb.sudrf.ru/,nvs--spb.sudrf.ru,да,78RS0015
Санкт-Петербург,Санкт-Петербург,Октябрьский,Октябрьский районный суд города Санкт-Петербурга,RS,"Районный, городской, межрайонный суд","190121, г Санкт-Петербург, ул Почтамтская, д 17",https://oktibrsky--spb.sudrf.ru/,oktibrsky--spb.sudrf.ru,да,78RS0016
Санкт-Петербург,Санкт-Петербург,Петроградский,Петроградский районный суд города Санкт-Петербурга,RS,"Районный, городской, межрайонный суд","197198, г Санкт-Петербург, ул Съезжинская, д 9/6",https://pgr--spb.sudrf.ru/,pgr--spb.sudrf.ru,да,78RS0017
Санкт-Петербург,Санкт-Петербург,Петродворцовый,Петродворцовый районный суд города Санкт-Петербурга,RS,"Районный, городской, межрайонный суд","198510, г Санкт-Петербург, г Петергоф, ул Аврова, д 33 литера д",https://pdv--spb.sudrf.ru/,pdv--spb.sudrf.ru,да,78RS0018
Санкт-Петербург,Санкт-Петербург,Приморский,Приморский районный суд города Санкт-Петербурга,RS,"Районный, городской, межрайонный суд","197374, г Санкт-Петербург, ул Савушкина, д 83",https://primorsky--spb.sudrf.ru/,primorsky--spb.sudrf.ru,да,78RS0019
Санкт-Петербург,Санкт-Петербург,Пушкинский,Пушкинский районный суд города Санкт-Петербурга,RS,"Районный, городской, межрайонный суд","196607, г Санкт-Петербург, г Пушкин, ул Школьная, д 2 к 2",https://psh--spb.sudrf.ru/,psh--spb.sudrf.ru,да,78RS0020
Санкт-Петербург,Санкт-Петербург,,Санкт-Петербургский городской суд,OS,Областной и равный ему суд,"196128, г Санкт-Петербург, ул Бассейная, д 6",https://sankt-peterburgsky--spb.sudrf.ru/,sankt-peterburgsky--spb.sudrf.ru,да,78OS0000
Санкт-Петербург,Санкт-Петербург,Сестрорецкий,Сестрорецкий районный суд города Санкт-Петербурга,RS,"Районный, городской, межрайонный суд","197706, г Санкт-Петербург, г Сестрорецк, ул Володарского, д 41",https://srt--spb.sudrf.ru/,srt--spb.sudrf.ru,да,78RS0021
Санкт-Петербург,Санкт-Петербург,Смольнинский,Смольнинский районный суд города Санкт-Петербурга,RS,"Районный, городской, межрайонный суд","191144, г Санкт-Петербург, ул Моисеенко, д 2А",https://smolninsky--spb.sudrf.ru/,smolninsky--spb.sudrf.ru,да,78RS0022
Санкт-Петербург,Санкт-Петербург,,Третий кассационный суд общей юрисдикции,KJ,Кассационный суд общей юрисдикции,"190195, г Санкт-Петербург, ул Садовая, д 26",https://3kas.sudrf.ru/,3kas.sudrf.ru,да,78KJ0003
Санкт-Петербург,Санкт-Петербург,Фрунзенский,Фрунзенский районный суд города Санкт-Петербурга,RS,"Районный, городской, межрайонный суд","192007, г Санкт-Петербург, ул Курская, д 3",https://frn--spb.sudrf.ru/,frn--spb.sudrf.ru,да,78RS0023
Вологодская область,Бабаево,Бабаевский,Бабаевский районный суд Вологодской области,RS,"Районный, городской, межрайонный суд","162480, Вологодская обл, г Бабаево, ул Ухтомского, д 2Б",https://babaevsky--vld.sudrf.ru/,babaevsky--vld.sudrf.ru,да,35RS0002
Вологодская область,Белозерск,Белозерский,Белозерский районный суд Вологодской области,RS,"Районный, городской, межрайонный суд","161200, Вологодская обл, г Белозерск, пр-кт Советский, д 49",https://belozersky--vld.sudrf.ru/,belozersky--vld.sudrf.ru,да,35RS0004
Вологодская область,Великий Устюг,Великоустюгский,Великоустюгский районный суд Вологодской области,RS,"Районный, городской, межрайонный суд","162390, Вологодская обл, г Великий Устюг, пер Революционный, д 3",https://velikoustugsky--vld.sudrf.ru/,velikoustugsky--vld.sudrf.ru,да,35RS0006
Вологодская область,Верховажье,Верховажский,Верховажский районный суд Вологодской области,RS,"Районный, городской, межрайонный суд","162300, Вологодская обл, с Верховажье, ул Октябрьская, д 8",https://verhovazhsky--vld.sudrf.ru/,verhovazhsky--vld.sudrf.ru,да,35RS0007
Вологодская область,Вожега,Вожегодский,Вожегодский районный суд Вологодской области,RS,"Районный, городской, межрайонный суд","162160, Вологодская обл, рп Вожега, пер Советский, д 7А",https://vozhegodsky--vld.sudrf.ru/,vozhegodsky--vld.sudrf.ru,да,35RS0008
Вологодская область,Вологда,,Вологодский городской суд Вологодской области,RS,"Районный, городской, межрайонный суд","160014, г Вологда, ул Гоголя, д 89",https://vologodskygor--vld.sudrf.ru/,vologodskygor--vld.sudrf.ru,да,35RS0010
Вологодская область,Вологда,,Вологодский областной суд,OS,Областной и равный ему суд,"160009, г Вологда, ул Чехова, д 39",https://oblsud--vld.sudrf.ru/,oblsud--vld.sudrf.ru,да,35OS0000
Вологодская область,Вологда,Вологодский,Вологодский районный суд Вологодской области,RS,"Районный, городской, межрайонный суд","160012, г Вологда, пр-кт Советский, д 139",https://vologodsky--vld.sudrf.ru/,vologodsky--vld.sudrf.ru,да,35RS0009
Вологодская область,Вытегра,Вытегорский,Вытегорский районный суд Вологодской области,RS,"Районный, городской, межрайонный суд","162900, Вологодская обл, г Вытегра, ул Революции, д 45",https://vytegorsky--vld.sudrf.ru/,vytegorsky--vld.sudrf.ru,да,35RS0011
Вологодская область,Грязовец,Грязовецкий,Грязовецкий районный суд Вологодской области,RS,"Районный, городской, межрайонный суд","162000, Вологодская обл, г Грязовец, ул Обнорского, д 58",https://griazovecky--vld.sudrf.ru/,griazovecky--vld.sudrf.ru,да,35RS0012
Вологодская область,Кадуй,Кадуйский,Кадуйский районный суд Вологодской области,RS,"Районный, городской, межрайонный суд","162510, Вологодская обл, Кадуйский р-н, рп Кадуй, ул Энтузиастов, д 46",https://kaduisky--vld.sudrf.ru/,kaduisky--vld.sudrf.ru,да,35RS0013
Вологодская область,Кириллов,Кирилловский,Кирилловский районный суд Вологодской области,RS,"Районный, городской, межрайонный суд","161100, Вологодская обл, г Кириллов, ул Гостинодворская, д 16",https://kirillovsky--vld.sudrf.ru/,kirillovsky--vld.sudrf.ru,да,35RS0014
Вологодская область,Кичменгский Городок,Кичменгско-Городецкий,Кичменгско-Городецкий районный суд Вологодской области,RS,"Районный, городской, межрайонный суд","161401, Вологодская обл, с Кичменгский Городок, ул Заречная, д 61",https://kich-gorod--vld.sudrf.ru/,kich-gorod--vld.sudrf.ru,да,35RS0015
Вологодская область,Липин Бор,Вашкинский,Вашкинский районный суд Вологодской области,RS,"Районный, городской, межрайонный суд","161250, Вологодская обл, с Липин Бор, ул Смирнова, д 10",https://vashkinsky--vld.sudrf.ru/,vashkinsky--vld.sudrf.ru,да,35RS0005
Вологодская область,Никольск,Никольский,Никольский районный суд Вологодской области,RS,"Районный, городской, межрайонный суд","161440, Вологодская обл, г Никольск, ул Новоборисовская, д 88",https://nikolsky--vld.sudrf.ru/,nikolsky--vld.sudrf.ru,да,35RS0017
Вологодская область,Нюксеница,Нюксенский,Нюксенский районный суд Вологодской области,RS,"Районный, городской, межрайонный суд","161380, Вологодская обл, с Нюксеница, ул Набережная, д 17/1",https://nuksensky--vld.sudrf.ru/,nuksensky--vld.sudrf.ru,да,35RS0018
Вологодская область,Сокол,Сокольский,Сокольский районный суд Вологодской области,RS,"Районный, городской, межрайонный суд","162130, Вологодская обл, г Сокол, ул Суворова, д 25",https://sokolsky--vld.sudrf.ru/,sokolsky--vld.sudrf.ru,да,35RS0019
Вологодская область,Сямжа,Сямженский,Сямженский районный суд Вологодской области,RS,"Районный, городской, межрайонный суд","162220, Вологодская обл, с Сямжа, ул Западная, д 19",https://siamzhensky--vld.sudrf.ru/,siamzhensky--vld.sudrf.ru,да,35RS0020
Вологодская область,Тарногский Городок,Тарногский,Тарногский районный суд Вологодской области,RS,"Районный, городской, межрайонный суд","161560, Вологодская обл, с Тарногский Городок, ул Пионерская, зд 14",https://tarnogsky--vld.sudrf.ru/,tarnogsky--vld.sudrf.ru,да,35RS0021
Вологодская область,Тотьма,Тотемский,Тотемский районный суд Вологодской области,RS,"Районный, городской, межрайонный суд","161300, Вологодская обл, г Тотьма, ул Садовая, д 10",https://totemsky--vld.sudrf.ru/,totemsky--vld.sudrf.ru,да,35RS0022
Вологодская область,Устюжна,Устюженский,Устюженский районный суд Вологодской области,RS,"Районный, городской, межрайонный суд","162840, Вологодская обл, г Устюжна, пер Богатырева, д 13А",https://ustuzhensky--vld.sudrf.ru/,ustuzhensky--vld.sudrf.ru,да,35RS0023
Вологодская область,Харовск,Харовский,Харовский районный суд Вологодской области,RS,"Районный, городской, межрайонный суд","162250, Вологодская обл, г Харовск, ул Ленинградская, д 39",https://harovsky--vld.sudrf.ru/,harovsky--vld.sudrf.ru,да,35RS0025
Вологодская область,Череповец,,Череповецкий городской суд Вологодской области,RS,"Районный, городской, межрайонный суд","162626, Вологодская обл, г Череповец, ул Годовикова, д 15",https://cherepoveckygor--vld.sudrf.ru/,cherepoveckygor--vld.sudrf.ru,да,35RS0001
Вологодская область,Череповец,Череповецкий,Череповецкий районный суд Вологодской области,RS,"Районный, городской, межрайонный суд","162602, Вологодская обл, г Череповец, ул Труда, д 37",https://cherepovecky--vld.sudrf.ru/,cherepovecky--vld.sudrf.ru,да,35RS0027
Вологодская область,Шексна,Шекснинский,Шекснинский районный суд Вологодской области,RS,"Районный, городской, межрайонный суд","162560, Вологодская обл, рп Шексна, ул Исполкомовская, д 4",https://sheksninsky--vld.sudrf.ru/,sheksninsky--vld.sudrf.ru,да,35RS0028
Вологодская область,Шуйское,Междуреченский,Междуреченский районный суд Вологодской области,RS,"Районный, городской, межрайонный суд","161050, Вологодская обл, с Шуйское, ул Горького, д 3",https://mezhdurechensky--vld.sudrf.ru/,mezhdurechensky--vld.sudrf.ru,да,35RS0016
Курганская область,Альменево,Альменевский,Альменевский районный суд Курганской области,RS,"Районный, городской, межрайонный суд","641130, Курганская обл, с Альменево, ул Советская, д 2",https://almenevsky--krg.sudrf.ru/,almenevsky--krg.sudrf.ru,да,45RS0001
Курганская область,Белозерское,Белозерский,Белозерский районный суд Курганской области,RS,"Районный, городской, межрайонный суд","641360, Курганская обл, с Белозерское, ул Героев, д 17",https://belozersky--krg.sudrf.ru/,belozersky--krg.sudrf.ru,да,45RS0002
Курганская область,Варгаши,Варгашинский,Варгашинский районный суд Курганской области,RS,"Районный, городской, межрайонный суд","641230, Курганская обл, рп Варгаши, ул Культурная, д 3",https://vargashinsky--krg.sudrf.ru/,vargashinsky--krg.sudrf.ru,да,45RS0003
Курганская область,Глядянское,Притобольный,Притобольный районный суд Курганской области,RS,"Районный, городской, межрайонный суд","641400, Курганская обл, с Глядянское, ул Ленина, зд 84А",https://pritobolny--krg.sudrf.ru/,pritobolny--krg.sudrf.ru,да,45RS0014
Курганская область,Далматово,Далматовский,Далматовский районный суд Курганской области,RS,"Районный, городской, межрайонный суд","641730, Курганская обл, г Далматово, ул Ленина, д 62",https://dalmatovsky--krg.sudrf.ru/,dalmatovsky--krg.sudrf.ru,да,45RS0004
Курганская область,Звериноголовское,Звериноголовский,Звериноголовский районный суд Курганской области,RS,"Районный, городской, межрайонный суд","641480, Курганская обл, с Звериноголовское, ул Ленина, д 39",https://zverinogolovsky--krg.sudrf.ru/,zverinogolovsky--krg.sudrf.ru,да,45RS0005
Курганская область,Каргаполье,Каргапольский,Каргапольский районный суд Курганской области,RS,"Районный, городской, межрайонный суд","641920, Курганская обл, Каргапольский р-н, рп Каргаполье, ул Калинина, зд 41",https://kargapolsky--krg.sudrf.ru/,kargapolsky--krg.sudrf.ru,да,45RS0006
Курганская область,Катайск,Катайский,Катайский районный суд Курганской области,RS,"Районный, городской, межрайонный суд","641700, Курганская обл, г Катайск, ул Советская, д 31",https://kataysky--krg.sudrf.ru/,kataysky--krg.sudrf.ru,да,45RS0007
Курганская область,Кетово,Кетовский,Кетовский районный суд Курганской области,RS,"Районный, городской, межрайонный суд","641310, Курганская обл, с Кетово, ул М.Горького, стр 42",https://ketovsky--krg.sudrf.ru/,ketovsky--krg.sudrf.ru,да,45RS0008
Курганская область,Курган,,Курганский городской суд Курганской области,RS,"Районный, городской, межрайонный суд","640027, г Курган, ул Дзержинского, д 35",https://kurgansky--krg.sudrf.ru/,kurgansky--krg.sudrf.ru,да,45RS0026
Курганская область,Курган,,Курганский областной суд,OS,Областной и равный ему суд,"640002, г Курган, ул М.Горького, д 78",https://oblsud--krg.sudrf.ru/,oblsud--krg.sudrf.ru,да,45OS0000
Курганская область,Куртамыш,Куртамышский,Куртамышский районный суд Курганской области,RS,"Районный, городской, межрайонный суд","641430, Курганская обл, г Куртамыш, пр-кт Ленина, д 18",https://kurtamyshsky--krg.sudrf.ru/,kurtamyshsky--krg.sudrf.ru,да,45RS0009
Курганская область,Лебяжье,Лебяжьевский,Лебяжьевский районный суд Курганской области,RS,"Районный, городской, межрайонный суд","641500, Курганская обл, рп Лебяжье, ул Пушкина, д 16",https://lebiazhevsky--krg.sudrf.ru/,lebiazhevsky--krg.sudrf.ru,да,45RS0010
Курганская область,Макушино,Макушинский,Макушинский районный суд Курганской области,RS,"Районный, городской, межрайонный суд","641600, Курганская обл, г Макушино, ул Красная Площадь, д 13А",https://makushinsky--krg.sudrf.ru/,makushinsky--krg.sudrf.ru,да,45RS0011
Курганская область,Мишкино,Мишкинский,Мишкинский районный суд Курганской области,RS,"Районный, городской, межрайонный суд","641040, Курганская обл, рп Мишкино, ул Почтовая, д 8",https://mishkinsky--krg.sudrf.ru/,mishkinsky--krg.sudrf.ru,да,45RS0012
Курганская область,Мокроусово,Мокроусовский,Мокроусовский районный суд Курганской области,RS,"Районный, городской, межрайонный суд","641530, Курганская обл, с Мокроусово, ул Пушкина, д 2",https://mokrousovsky--krg.sudrf.ru/,mokrousovsky--krg.sudrf.ru,да,45RS0013
Курганская область,Петухово,Петуховский,Петуховский районный суд Курганской области,RS,"Районный, городской, межрайонный суд","641640, Курганская обл, г Петухово, ул К.Маркса, д 31",https://petuhovsky--krg.sudrf.ru/,petuhovsky--krg.sudrf.ru,да,45RS0015
Курганская область,Половинное,Половинский,Половинский районный суд Курганской области,RS,"Районный, городской, межрайонный суд","641780, Курганская обл, с Половинное, ул Победы, зд 15",https://polovinsky--krg.sudrf.ru/,polovinsky--krg.sudrf.ru,да,45RS0016
Курганская область,Сафакулево,Сафакулевский,Сафакулевский районный суд Курганской области,RS,"Районный, городской, межрайонный суд","641080, Курганская обл, с Сафакулево, ул Советская, д 2",https://safakulevsky--krg.sudrf.ru/,safakulevsky--krg.sudrf.ru,да,45RS0017
Курганская область,Целинное,Целинный,Целинный районный суд Курганской области,RS,"Районный, городской, межрайонный суд","641150, Курганская обл, с Целинное, ул Советская, зд 63",https://celinny--krg.sudrf.ru/,celinny--krg.sudrf.ru,да,45RS0018
Курганская область,Шадринск,Шадринский,Шадринский районный суд Курганской области,RS,"Районный, городской, межрайонный суд","641870, Курганская обл, г Шадринск, ул Луначарского, д 10",https://shadrinsky--krg.sudrf.ru/,shadrinsky--krg.sudrf.ru,да,45RS0021
Курганская область,Шатрово,Шатровский,Шатровский районный суд Курганской области,RS,"Районный, городской, межрайонный суд","641960, Курганская обл, с Шатрово, ул Мира, д 2",https://shatrovsky--krg.sudrf.ru/,shatrovsky--krg.sudrf.ru,да,45RS0022
Курганская область,Шумиха,Шумихинский,Шумихинский районный суд Курганской области,RS,"Районный, городской, межрайонный суд","641100, Курганская обл, г Шумиха, ул Гагарина, д 8",https://shumihinsky--krg.sudrf.ru/,shumihinsky--krg.sudrf.ru,да,45RS0023
Курганская область,Щучье,Щучанский,Щучанский районный суд Курганской области,RS,"Районный, городской, межрайонный суд","641010, Курганская обл, г Щучье, ул Советская, д 11",https://schuchansky--krg.sudrf.ru/,schuchansky--krg.sudrf.ru,да,45RS0024
Курганская область,Юргамыш,Юргамышский,Юргамышский районный суд Курганской области,RS,"Районный, городской, межрайонный суд","641200, Курганская обл, рп Юргамыш, ул Ленина, д 39",https://yurgamyshsky--krg.sudrf.ru/,yurgamyshsky--krg.sudrf.ru,да,45RS0025
Тюменская область,Абатское,Абатский,Абатский районный суд Тюменской области,RS,"Районный, городской, межрайонный суд","627540, Тюменская обл, с Абатское, ул 1 Мая, зд 5",https://abatsky--tum.sudrf.ru/,abatsky--tum.sudrf.ru,да,72RS0001
Тюменская область,Армизонское,Армизонский,Армизонский районный суд Тюменской области,RS,"Районный, городской, межрайонный суд","627220, Тюменская обл, с Армизонское, ул Дзержинского, зд 3",https://armizonsky--tum.sudrf.ru/,armizonsky--tum.sudrf.ru,да,72RS0002
Тюменская область,Бердюжье,Бердюжский,Бердюжский районный суд Тюменской области,RS,"Районный, городской, межрайонный суд","627440, Тюменская обл, с Бердюжье, ул Ленина, д 37",https://berduzhsky--tum.sudrf.ru/,berduzhsky--tum.sudrf.ru,да,72RS0004
Тюменская область,Большое Сорокино,Сорокинский,Сорокинский районный суд Тюменской области,RS,"Районный, городской, межрайонный суд","627500, Тюменская обл, с Большое Сорокино, ул 40 лет Октября, зд 10",https://sorokinsky--tum.sudrf.ru/,sorokinsky--tum.sudrf.ru,да,72RS0018
Тюменская область,Вагай,Вагайский,Вагайский районный суд Тюменской области,RS,"Районный, городской, межрайонный суд","626240, Тюменская обл, с Вагай, ул Семакова, зд 21",https://vagaysky--tum.sudrf.ru/,vagaysky--tum.sudrf.ru,да,72RS0005
Тюменская область,Викулово,Викуловский,Викуловский районный суд Тюменской области,RS,"Районный, городской, межрайонный суд","627570, Тюменская обл, с Викулово, ул Ленина, д 13",https://vikulovsky--tum.sudrf.ru/,vikulovsky--tum.sudrf.ru,да,72RS0006
Тюменская область,Голышманово,Голышмановский,Голышмановский районный суд Тюменской области,RS,"Районный, городской, межрайонный суд","627300, Тюменская обл, рп Голышманово, ул Садовая, зд 84",https://golyshmanovsky--tum.sudrf.ru/,golyshmanovsky--tum.sudrf.ru,да,72RS0007
Тюменская область,Заводоуковск,Заводоуковский,Заводоуковский районный суд Тюменской области,RS,"Районный, городской, межрайонный суд","627140, Тюменская обл, г Заводоуковск, ул Маяковского, д 2",https://zavodoukovsky--tum.sudrf.ru/,zavodoukovsky--tum.sudrf.ru,да,72RS0008
Тюменская область,Исетское,Исетский,Исетский районный суд Тюменской области,RS,"Районный, городской, межрайонный суд","626380, Тюменская обл, с Исетское, ул Горького, зд 8, помещ 3",https://isetsky--tum.sudrf.ru/,isetsky--tum.sudrf.ru,да,72RS0009
Тюменская область,Ишим,,Ишимский городской суд Тюменской области,RS,"Районный, городской, межрайонный суд","627750, Тюменская обл, г Ишим, ул Приозерная, д 84",https://ishimskygor--tum.sudrf.ru/,ishimskygor--tum.sudrf.ru,да,72RS0010
Тюменская область,Ишим,Ишимский,Ишимский районный суд Тюменской области,RS,"Районный, городской, межрайонный суд","627750, Тюменская обл, г Ишим, ул Приозерная, д 84",https://ishimsky--tum.sudrf.ru/,ishimsky--tum.sudrf.ru,да,72RS0011
Тюменская область,Казанское,Казанский,Казанский районный суд Тюменской области,RS,"Районный, городской, межрайонный суд","627420, Тюменская обл, с Казанское, ул Ленина, д 4",https://kazansky--tum.sudrf.ru/,kazansky--tum.sudrf.ru,да,72RS0012
Тюменская область,Нижняя Тавда,Нижнетавдинский,Нижнетавдинский районный суд Тюменской области,RS,"Районный, городской, межрайонный суд","626020, Тюменская обл, с Нижняя Тавда, ул Ульянова, зд 8",https://nizhnetavdinsky--tum.sudrf.ru/,nizhnetavdinsky--tum.sudrf.ru,да,72RS0015
Тюменская область,Омутинское,Омутинский,Омутинский районный суд Тюменской области,RS,"Районный, городской, межрайонный суд","627070, Тюменская обл, с Омутинское, ул Первомайская, зд 78",https://omutinsky--tum.sudrf.ru/,omutinsky--tum.sudrf.ru,да,72RS0016
Тюменская область,Сладково,Сладковский,Сладковский районный суд Тюменской области,RS,"Районный, городской, межрайонный суд","627610, Тюменская обл, с Сладково, ул Рабочая, зд 17",https://sladkovsky--tum.sudrf.ru/,sladkovsky--tum.sudrf.ru,да,72RS0017
Тюменская область,Тобольск,,Тобольский городской суд Тюменской области,RS,"Районный, городской, межрайонный суд","626150, Тюменская обл, г Тобольск, мкр 6, д 120А",https://tobolskygor--tum.sudrf.ru/,tobolskygor--tum.sudrf.ru,да,72RS0019
Тюменская область,Тобольск,Тобольский,Тобольский районный суд Тюменской области,RS,"Районный, городской, межрайонный суд","626150, Тюменская обл, г Тобольск, мкр 6, д 120А",https://tobolsky--tum.sudrf.ru/,tobolsky--tum.sudrf.ru,да,72RS0020
Тюменская область,Тюмень,Калининский,Калининский районный суд г. Тюмени,RS,"Районный, городской, межрайонный суд","625000, г Тюмень, ул 8 Марта, д 1",https://kalininsky--tum.sudrf.ru/,kalininsky--tum.sudrf.ru,да,72RS0013
Тюменская область,Тюмень,Ленинский,Ленинский районный суд г. Тюмени,RS,"Районный, городской, межрайонный суд","625048, г Тюмень, ул 50 лет Октября, д 12 к 1",https://leninsky--tum.sudrf.ru/,leninsky--tum.sudrf.ru,да,72RS0014
Тюменская область,Тюмень,,Тюменский областной суд,OS,Областной и равный ему суд,"625000, г Тюмень, ул 8 Марта, д 1",https://oblsud--tum.sudrf.ru/,oblsud--tum.sudrf.ru,да,72OS0000
Тюменская область,Тюмень,Тюменский,Тюменский районный суд Тюменской области,RS,"Районный, городской, межрайонный суд","625018, г Тюмень, ул Московский тракт, д 175 к 1",https://tumensky--tum.sudrf.ru/,tumensky--tum.sudrf.ru,да,72RS0021
Тюменская область,Тюмень,Центральный,Центральный районный суд г. Тюмени,RS,"Районный, городской, межрайонный суд","625000, г Тюмень, ул 8 Марта, д 1",https://centralny--tum.sudrf.ru/,centralny--tum.sudrf.ru,да,72RS0025
Тюменская область,Уват,Уватский,Уватский районный суд Тюменской области,RS,"Районный, городской, межрайонный суд","626170, Тюменская обл, с Уват, ул Ленина, д 3",https://uvatsky--tum.sudrf.ru/,uvatsky--tum.sudrf.ru,да,72RS0022
Тюменская область,Ялуторовск,Ялуторовский,Ялуторовский районный суд Тюменской области,RS,"Районный, городской, межрайонный суд","627010, Тюменская обл, г Ялуторовск, ул Революции, д 67",https://yalutorovsky--tum.sudrf.ru/,yalutorovsky--tum.sudrf.ru,да,72RS0028
Тюменская область,Ярково,Ярковский,Ярковский районный суд Тюменской области,RS,"Районный, городской, межрайонный суд","626050, Тюменская обл, с Ярково, ул Пионерская, д 92А",https://yarkovsky--tum.sudrf.ru/,yarkovsky--tum.sudrf.ru,да,72RS0026
Архангельская область,Архангельск,,Архангельский областной суд,OS,Областной и равный ему суд,"163000, г Архангельск, ул Карла Маркса, д 20",https://oblsud--arh.sudrf.ru/,oblsud--arh.sudrf.ru,да,29OS0000
Архангельская область,Архангельск,Исакогорский,Исакогорский районный суд г. Архангельска,RS,"Районный, городской, межрайонный суд","163000, г Архангельск, пр-кт Ломоносова, д 203",https://sudis--arh.sudrf.ru/,sudis--arh.sudrf.ru,да,29RS0005
Архангельская область,Архангельск,Ломоносовский,Ломоносовский районный суд г. Архангельска,RS,"Районный, городской, межрайонный суд","163002, г Архангельск, ул Романа Куликова, д 15",https://lomonosovsky--arh.sudrf.ru/,lomonosovsky--arh.sudrf.ru,да,29RS0014
Архангельская область,Архангельск,Октябрьский,Октябрьский районный суд г. Архангельска,RS,"Районный, городской, межрайонный суд","163000, г Архангельск, наб Северной Двины, д 112",https://oktsud--arh.sudrf.ru/,oktsud--arh.sudrf.ru,да,29RS0018
Архангельская область,Архангельск,Приморский,Приморский районный суд Архангельской области,RS,"Районный, городской, межрайонный суд","163000, г Архангельск, пр-кт Ломоносова, д 203",https://primsud--arh.sudrf.ru/,primsud--arh.sudrf.ru,да,29RS0022
Архангельская область,Архангельск,Соломбальский,Соломбальский районный суд г. Архангельска,RS,"Районный, городской, межрайонный суд","163020, г Архангельск, пр-кт Никольский, д 46",https://solombsud--arh.sudrf.ru/,solombsud--arh.sudrf.ru,да,29RS0024
Архангельская область,Вельск,Вельский,Вельский районный суд Архангельской области,RS,"Районный, городской, межрайонный суд","165150, Архангельская обл, г Вельск, ул Дзержинского, д 36А",https://velsksud--arh.sudrf.ru/,velsksud--arh.sudrf.ru,да,29RS0001
Архангельская область,Двинской Березник,Виноградовский,Виноградовский районный суд Архангельской области,RS,"Районный, городской, межрайонный суд","164570, Архангельская обл., Виноградовский р-н, п. Двинской Березник, ул. Хаджи Мурата, д. 17",https://vinogsud--arh.sudrf.ru/,vinogsud--arh.sudrf.ru,да,29RS0004
Архангельская область,Ильинско-Подомское,Вилегодский,Вилегодский районный суд Архангельской области,RS,"Районный, городской, межрайонный суд","165680, Архангельская обл, с Ильинско-Подомское, ул Комсомольская, д 8",https://vilegsud--arh.sudrf.ru/,vilegsud--arh.sudrf.ru,да,29RS0003
Архангельская область,Карпогоры,Пинежский,Пинежский районный суд Архангельской области,RS,"Районный, городской, межрайонный суд","164600, Архангельская обл, с Карпогоры, ул Федора Абрамова, д 49А",https://pinegasud--arh.sudrf.ru/,pinegasud--arh.sudrf.ru,да,29RS0020
Архангельская область,Коноша,Коношский,Коношский районный суд Архангельской области,RS,"Районный, городской, межрайонный суд","164010, Архангельская обл, рп Коноша, пр-кт Октябрьский, д 22",https://konoshasud--arh.sudrf.ru/,konoshasud--arh.sudrf.ru,да,29RS0007
Архангельская область,Коряжма,,Коряжемский городской суд Архангельской области,RS,"Районный, городской, межрайонный суд","165654, Архангельская обл, г Коряжма, ул Кутузова, д 4",https://koryazhmasud--arh.sudrf.ru/,koryazhmasud--arh.sudrf.ru,да,29RS0010
Архангельская область,Котлас,,Котласский городской суд Архангельской области,RS,"Районный, городской, межрайонный суд","165300, Архангельская обл, г Котлас, ул Мелентьева, д 27, кв 3",https://kotlasgrsud--arh.sudrf.ru/,kotlasgrsud--arh.sudrf.ru,да,29RS0008
Архангельская область,Красноборск,Красноборский,Красноборский районный суд Архангельской области,RS,"Районный, городской, межрайонный суд","165430, Архангельская обл, с Красноборск, ул Красная, д 5",https://krasnsud--arh.sudrf.ru/,krasnsud--arh.sudrf.ru,да,29RS0011
Архангельская область,Лешуконское,Лешуконский,Лешуконский районный суд Архангельской области,RS,"Районный, городской, межрайонный суд","164670, Архангельская обл, с Лешуконское, ул Победы, д 16",https://leshksud--arh.sudrf.ru/,leshksud--arh.sudrf.ru,да,29RS0013
Архангельская область,Мирный,,Мирнинский городской суд Архангельской области,RS,"Районный, городской, межрайонный суд","164170, Архангельская обл, г Мирный, ул Чайковского, д 12А/1",https://mirnsud--arh.sudrf.ru/,mirnsud--arh.sudrf.ru,да,29RS0028
Архангельская область,Новодвинск,,Новодвинский городской суд Архангельской области,RS,"Районный, городской, межрайонный суд","164900, Архангельская обл, г Новодвинск, ул Ворошилова, д 3А",https://novodvdsud--arh.sudrf.ru/,novodvdsud--arh.sudrf.ru,да,29RS0016
Архангельская область,Няндома,Няндомский,Няндомский районный суд Архангельской области,RS,"Районный, городской, межрайонный суд","164200, Архангельская обл, г Няндома, ул Леваневского, зд 41А",https://nyandomasud--arh.sudrf.ru/,nyandomasud--arh.sudrf.ru,да,29RS0017
Архангельская область,Октябрьский,Устьянский,Устьянский районный суд Архангельской области,RS,"Районный, городской, межрайонный суд","165210, Архангельская обл, рп Октябрьский, ул Ленина, зд 19",https://ustyansud--arh.sudrf.ru/,ustyansud--arh.sudrf.ru,да,29RS0025
Архангельская область,Онега,,Онежский городской суд Архангельской области,RS,"Районный, городской, межрайонный суд","164840, Архангельская обл, г Онега, пр-кт Кирова, д 132",https://onegasud--arh.sudrf.ru/,onegasud--arh.sudrf.ru,да,29RS0019
Архангельская область,Плесецк,Плесецкий,Плесецкий районный суд Архангельской области,RS,"Районный, городской, межрайонный суд","164262, Архангельская обл, рп Плесецк, ул Ленина, д 24",https://pleseck--arh.sudrf.ru/,pleseck--arh.sudrf.ru,да,29RS0021
Архангельская область,Северодвинск,,Северодвинский городской суд Архангельской области,RS,"Районный, городской, межрайонный суд","164500, Архангельская обл, г Северодвинск, ул Ломоносова, д 107А",https://seversud--arh.sudrf.ru/,seversud--arh.sudrf.ru,да,29RS0023
Архангельская область,Холмогоры,Холмогорский,Холмогорский районный суд Архангельской области,RS,"Районный, городской, межрайонный суд","164530, Архангельская обл, с Холмогоры, ул Ломоносова, д 36А",https://holmsud--arh.sudrf.ru/,holmsud--arh.sudrf.ru,да,29RS0026
Калининградская область,Багратионовск,Багратионовский,Багратионовский районный суд Калининградской области,RS,"Районный, городской, межрайонный суд","238420, Калининградская обл, г Багратионовск, ул Утина, д 6",https://bagrationovsky--kln.sudrf.ru/,bagrationovsky--kln.sudrf.ru,да,39RS0007
Калининградская область,Балтийск,,Балтийский городской суд Калининградской области,RS,"Районный, городской, межрайонный суд","238520, Калининградская обл, г Балтийск, ул Садовая, д 55",https://baltiysky--kln.sudrf.ru/,baltiysky--kln.sudrf.ru,да,39RS0006
Калининградская область,Гвардейск,Гвардейский,Гвардейский районный суд Калининградской области,RS,"Районный, городской, межрайонный суд","238210, Калининградская обл, г Гвардейск, пер Центральный, д 3",https://gvardeysky--kln.sudrf.ru/,gvardeysky--kln.sudrf.ru,да,39RS0009
Калининградская область,Гурьевск,Гурьевский,Гурьевский районный суд Калининградской области,RS,"Районный, городской, межрайонный суд","238300, Калининградская обл, г Гурьевск, ул Ленина, зд 11",https://gurievsky--kln.sudrf.ru/,gurievsky--kln.sudrf.ru,да,39RS0010
Калининградская область,Гусев,,Гусевский городской суд Калининградской области,RS,"Районный, городской, межрайонный суд","238050, Калининградская обл, г Гусев, ул Московская, д 27",https://gusevsky--kln.sudrf.ru/,gusevsky--kln.sudrf.ru,да,39RS0008
Калининградская область,Зеленоградск,Зеленоградский,Зеленоградский районный суд Калининградской области,RS,"Районный, городской, межрайонный суд","238326, Калининградская обл, г Зеленоградск, ул Пограничная, д 5А",https://zelenogradsky--kln.sudrf.ru/,zelenogradsky--kln.sudrf.ru,да,39RS0011
Калининградская область,Калининград,,Калининградский областной суд,OS,Областной и равный ему суд,"236040, г Калининград, ул Сергеева, д 8",https://oblsud--kln.sudrf.ru/,oblsud--kln.sudrf.ru,да,39OS0000
Калининградская область,Калининград,Ленинградский,Ленинградский районный суд г. Калининграда,RS,"Районный, городской, межрайонный суд","236041, г Калининград, ул А.Невского, д 29",https://leningradsky--kln.sudrf.ru/,leningradsky--kln.sudrf.ru,да,39RS0001
Калининградская область,Калининград,Московский,Московский районный суд г. Калининграда,RS,"Районный, городской, межрайонный суд","236004, г Калининград, ул Дюнная, д 18А",https://moskovsky--kln.sudrf.ru/,moskovsky--kln.sudrf.ru,да,39RS0004
Калининградская область,Калининград,Центральный,Центральный районный суд г. Калининграда,RS,"Районный, городской, межрайонный суд","236022, г Калининград, ул Космонавта Леонова, д 24",https://centralny--kln.sudrf.ru/,centralny--kln.sudrf.ru,да,39RS0002
Калининградская область,Краснознаменск,Краснознаменский,Краснознаменский районный суд Калининградской области,RS,"Районный, городской, межрайонный суд","238730, Калининградская обл, г Краснознаменск, ул Советская, д 34А",https://krasnoznamensky--kln.sudrf.ru/,krasnoznamensky--kln.sudrf.ru,да,39RS0012
Калининградская область,Неман,,Неманский городской суд Калининградской области,RS,"Районный, городской, межрайонный суд","238710, Калининградская обл, г Неман, ул Красноармейская, д 7",https://nemansky--kln.sudrf.ru/,nemansky--kln.sudrf.ru,да,39RS0016
Калининградская область,Нестеров,Нестеровский,Нестеровский районный суд Калининградской области,RS,"Районный, городской, межрайонный суд","238010, Калининградская обл, г Нестеров, ул Московская, д 7",https://nesterovsky--kln.sudrf.ru/,nesterovsky--kln.sudrf.ru,да,39RS0017
Калининградская область,Озерск,Озерский,Озерский районный суд Калининградской области,RS,"Районный, городской, межрайонный суд","238120, Калининградская обл, г Озерск, ул Советская, д 30",https://ozersky--kln.sudrf.ru/,ozersky--kln.sudrf.ru,да,39RS0013
Калининградская область,Полесск,Полесский,Полесский районный суд Калининградской области,RS,"Районный, городской, межрайонный суд","238630, Калининградская обл, г Полесск, ул Пионерская, д 4",https://polessky--kln.sudrf.ru/,polessky--kln.sudrf.ru,да,39RS0014
Калининградская область,Правдинск,Правдинский,Правдинский районный суд Калининградской области,RS,"Районный, городской, межрайонный суд","238400, Калининградская обл, г Правдинск, ул Торговая, зд 16",https://pravdinsky--kln.sudrf.ru/,pravdinsky--kln.sudrf.ru,да,39RS0015
Калининградская область,Светлогорск,,Светлогорский городской суд Калининградской области,RS,"Районный, городской, межрайонный суд","238563, Калининградская обл, г Светлогорск, ул Вокзальная, д 1А",https://svetlogorsky--kln.sudrf.ru/,svetlogorsky--kln.sudrf.ru,да,39RS0020
Калининградская область,Светлый,,Светловский городской суд Калининградской области,RS,"Районный, городской, межрайонный суд","238340, Калининградская обл, г Светлый, ул Ленина, д 2",https://svetlovsky--kln.sudrf.ru/,svetlovsky--kln.sudrf.ru,да,39RS0021
Калининградская область,Славск,Славский,Славский районный суд Калининградской области,RS,"Районный, городской, межрайонный суд","238600, Калининградская обл, г Славск, ул Строителей, д 12",https://slavsky--kln.sudrf.ru/,slavsky--kln.sudrf.ru,да,39RS0018
Калининградская область,Советск,,Советский городской суд Калининградской области,RS,"Районный, городской, межрайонный суд","238750, Калининградская обл, г Советск, ул Алексея Толстого, д 21В",https://sovetsky--kln.sudrf.ru/,sovetsky--kln.sudrf.ru,да,39RS0019
Калининградская область,Черняховск,,Черняховский городской суд Калининградской области,RS,"Районный, городской, межрайонный суд","238150, Калининградская обл, г Черняховск, ул Калинина, д 1",https://cherniahovsky--kln.sudrf.ru/,cherniahovsky--kln.sudrf.ru,да,39RS0022
Ханты-Мансийский Автономный округ - Югра АО,Белоярский,,Белоярский городской суд Ханты-Мансийского автономного округа - Югры,RS,"Районный, городской, межрайонный суд","628163, Ханты-Мансийский Автономный округ - Югра АО, г Белоярский, ул Центральная, д 22",https://bel--hmao.sudrf.ru/,bel--hmao.sudrf.ru,да,86RS0011
Ханты-Мансийский Автономный округ - Югра АО,Березово,Березовский,Березовский районный суд Ханты-Мансийского автономного округа - Югры,RS,"Районный, городской, межрайонный суд","628140, Ханты-Мансийский Автономный округ - Югра АО, пгт Березово, ул Ленина, зд 13",https://berezovo--hmao.sudrf.ru/,berezovo--hmao.sudrf.ru,да,86RS0019
Ханты-Мансийский Автономный округ - Югра АО,Когалым,,Когалымский городской суд Ханты-Мансийского автономного округа - Югры,RS,"Районный, городской, межрайонный суд","628486, Ханты-Мансийский Автономный округ - Югра АО, г Когалым, проезд Сопочинского, д 3",https://kogalym--hmao.sudrf.ru/,kogalym--hmao.sudrf.ru,да,86RS0008
Ханты-Мансийский Автономный округ - Югра АО,Лангепас,,Лангепасский городской суд Ханты-Мансийского автономного округа - Югры,RS,"Районный, городской, межрайонный суд","628672, Ханты-Мансийский Автономный округ - Югра АО, г Лангепас, ул Дружбы Народов, влд 20",https://langepas--hmao.sudrf.ru/,langepas--hmao.sudrf.ru,да,86RS0009
Ханты-Мансийский Автономный округ - Югра АО,Мегион,,Мегионский городской суд Ханты-Мансийского автономного округа - Югры,RS,"Районный, городской, межрайонный суд","628680, Ханты-Мансийский Автономный округ - Югра АО, г Мегион, пр-кт Победы, д 4А",https://megion--hmao.sudrf.ru/,megion--hmao.sudrf.ru,да,86RS0010
Ханты-Мансийский Автономный округ - Югра АО,Междуреченский,Кондинский,Кондинский районный суд Ханты-Мансийского автономного округа - Югры,RS,"Районный, городской, межрайонный суд","628200, Ханты-Мансийский Автономный округ - Югра АО, пгт Междуреченский, ул Днепропетровская, д 14",https://kondinsk--hmao.sudrf.ru/,kondinsk--hmao.sudrf.ru,да,86RS0018
Ханты-Мансийский Автономный округ - Югра АО,Нефтеюганск,Нефтеюганский,Нефтеюганский районный суд Ханты-Мансийского автономного округа - Югры,RS,"Районный, городской, межрайонный суд","628307, Ханты-Мансийский Автономный округ - Югра АО, г Нефтеюганск, мкр 7-й, стр 52",https://uganskray--hmao.sudrf.ru/,uganskray--hmao.sudrf.ru,да,86RS0007
Ханты-Мансийский Автономный округ - Югра АО,Нижневартовск,,Нижневартовский городской суд Ханты-Мансийского автономного округа - Югры,RS,"Районный, городской, межрайонный суд","628606, Ханты-Мансийский Автономный округ - Югра АО, г Нижневартовск, пр-кт Победы, зд 4",https://vartovgor--hmao.sudrf.ru/,vartovgor--hmao.sudrf.ru,да,86RS0002
Ханты-Мансийский Автономный округ - Югра АО,Нижневартовск,Нижневартовский,Нижневартовский районный суд Ханты-Мансийского автономного округа - Югры,RS,"Районный, городской, межрайонный суд","628616, Ханты-Мансийский Автономный округ - Югра АО, г Нижневартовск, проезд Заозерный, зд 1",https://vartovray--hmao.sudrf.ru/,vartovray--hmao.sudrf.ru,да,86RS0003
Ханты-Мансийский Автономный округ - Югра АО,Нягань,,Няганский городской суд Ханты-Мансийского автономного округа - Югры,RS,"Районный, городской, межрайонный суд","628186, Ханты-Мансийский Автономный округ - Югра АО, г Нягань, ул Сибирская, д 12, помещ 1",https://nyagan--hmao.sudrf.ru/,nyagan--hmao.sudrf.ru,да,86RS0015
Ханты-Мансийский Автономный округ - Югра АО,Октябрьское,Октябрьский,Октябрьский районный суд Ханты-Мансийского автономного округа - Югры,RS,"Районный, городской, межрайонный суд","628100, Ханты-Мансийский Автономный округ - Югра АО, пгт Октябрьское, ул Бичинева, д 9",https://oktb--hmao.sudrf.ru/,oktb--hmao.sudrf.ru,да,86RS0020
Ханты-Мансийский Автономный округ - Югра АО,Пыть-Ях,,Пыть-Яхский городской суд Ханты-Мансийского автономного округа - Югры,RS,"Районный, городской, межрайонный суд","628383, Ханты-Мансийский автономный округ - Югра, г. Пыть-Ях, 3-й мкр., д. 21А",https://pth--hmao.sudrf.ru/,pth--hmao.sudrf.ru,да,86RS0012
Ханты-Мансийский Автономный округ - Югра АО,Радужный,,Радужнинский городской суд Ханты-Мансийского автономного округа - Югры,RS,"Районный, городской, межрайонный суд","628462, Ханты-Мансийский Автономный округ - Югра АО, г Радужный, мкр 6, стр 21",https://rdj--hmao.sudrf.ru/,rdj--hmao.sudrf.ru,да,86RS0013
Ханты-Мансийский Автономный округ - Югра АО,Советский,Советский,Советский районный суд Ханты-Мансийского автономного округа - Югры,RS,"Районный, городской, межрайонный суд","628240, Ханты-Мансийский Автономный округ - Югра АО, г Советский, ул Гагарина, д 62 к 1",https://sovetsk--hmao.sudrf.ru/,sovetsk--hmao.sudrf.ru,да,86RS0017
Ханты-Мансийский Автономный округ - Югра АО,Сургут,,Сургутский городской суд Ханты-Мансийского автономного округа - Югры,RS,"Районный, городской, межрайонный суд","628418, Ханты-Мансийский Автономный округ - Югра АО, г Сургут, ул Профсоюзов, зд 37",https://surggor--hmao.sudrf.ru/,surggor--hmao.sudrf.ru,да,86RS0004
Ханты-Мансийский Автономный округ - Югра АО,Сургут,Сургутский,Сургутский районный суд Ханты-Мансийского автономного округа - Югры,RS,"Районный, городской, межрайонный суд","628403, Ханты-Мансийский Автономный округ - Югра АО, г Сургут, ул Юности, д 6А",https://surgray--hmao.sudrf.ru/,surgray--hmao.sudrf.ru,да,86RS0005
Ханты-Мансийский Автономный округ - Югра АО,Урай,,Урайский городской суд Ханты-Мансийского автономного округа - Югры,RS,"Районный, городской, межрайонный суд","628285, Ханты-Мансийский Автономный округ - Югра АО, г Урай, ул Крылова, д 1",https://uray--hmao.sudrf.ru/,uray--hmao.sudrf.ru,да,86RS0014
Ханты-Мансийский Автономный округ - Югра АО,Ханты-Мансийск,,Суд Ханты-Мансийского автономного округа - Югры,OS,Областной и равный ему суд,"628011, г Ханты-Мансийск, ул Чехова, д 3",https://oblsud--hmao.sudrf.ru/,oblsud--hmao.sudrf.ru,да,86OS0000
Ханты-Мансийский Автономный округ - Югра АО,Ханты-Мансийск,Ханты-Мансийский,Ханты-Мансийский районный суд Ханты-Мансийского автономного округа - Югры,RS,"Районный, городской, межрайонный суд","628011, г Ханты-Мансийск, ул Ленина, д 63",https://hmray--hmao.sudrf.ru/,hmray--hmao.sudrf.ru,да,86RS0001
Ханты-Мансийский Автономный округ - Югра АО,Югорск,Югорский,Югорский районный суд Ханты-Мансийского автономного округа - Югры,RS,"Районный, городской, межрайонный суд","628260, Ханты-Мансийский Автономный округ - Югра АО, г Югорск, ул Буряка, зд 4",https://ugorsk--hmao.sudrf.ru/,ugorsk--hmao.sudrf.ru,да,86RS0021
Псковская область,Бежаницы,Бежаницкий,Бежаницкий районный суд Псковской области,RS,"Районный, городской, межрайонный суд","182840, Псковская обл, рп Бежаницы, ул Березовая, д 2",https://bezhanicky--psk.sudrf.ru/,bezhanicky--psk.sudrf.ru,да,60RS0004
Псковская область,Великие Луки,,Великолукский городской суд Псковской области,RS,"Районный, городской, межрайонный суд","182113, Псковская обл, г Великие Луки, ул Пушкина, д 10/1",https://velikolukskygor--psk.sudrf.ru/,velikolukskygor--psk.sudrf.ru,да,60RS0002
Псковская область,Великие Луки,Великолукский,Великолукский районный суд Псковской области,RS,"Районный, городской, межрайонный суд","182110, Псковская обл, г Великие Луки, ул К.Либкнехта, д 18 к 1",https://velikoluksky--psk.sudrf.ru/,velikoluksky--psk.sudrf.ru,да,60RS0005
Псковская область,Гдов,Гдовский,Гдовский районный суд Псковской области,RS,"Районный, городской, межрайонный суд","181600, Псковская обл, г Гдов, ул К.Маркса, д 29",https://gdovsky--psk.sudrf.ru/,gdovsky--psk.sudrf.ru,да,60RS0006
Псковская область,Дедовичи,Дедовичский,Дедовичский районный суд Псковской области,RS,"Районный, городской, межрайонный суд","182710, Псковская обл, рп Дедовичи, ул Бундзена, д 51",https://dedovichsky--psk.sudrf.ru/,dedovichsky--psk.sudrf.ru,да,60RS0007
Псковская область,Дно,Дновский,Дновский районный суд Псковской области,RS,"Районный, городской, межрайонный суд","182670, Псковская обл, г Дно, ул Калинина, д 1А",https://dnovsky--psk.sudrf.ru/,dnovsky--psk.sudrf.ru,да,60RS0008
Псковская область,Невель,Невельский,Невельский районный суд Псковской области,RS,"Районный, городской, межрайонный суд","182500, Псковская обл, г Невель, ул Кировский тупик, д 1",https://nevelsky--psk.sudrf.ru/,nevelsky--psk.sudrf.ru,да,60RS0012
Псковская область,Новосокольники,Новосокольнический,Новосокольнический районный суд Псковской области,RS,"Районный, городской, межрайонный суд","182200, Псковская обл, г Новосокольники, ул Ленинская, д 52",https://novosokolnichesky--psk.sudrf.ru/,novosokolnichesky--psk.sudrf.ru,да,60RS0014
Псковская область,Опочка,Опочецкий,Опочецкий районный суд Псковской области,RS,"Районный, городской, межрайонный суд","182330, Псковская обл, г Опочка, ул Красногородская, д 12",https://opochecky--psk.sudrf.ru/,opochecky--psk.sudrf.ru,да,60RS0015
Псковская область,Остров,,Островский городской суд Псковской области,RS,"Районный, городской, межрайонный суд","181350, Псковская обл, г Остров, ул Освобождения, д 1",https://ostrovsky--psk.sudrf.ru/,ostrovsky--psk.sudrf.ru,да,60RS0003
Псковская область,Печоры,Печорский,Печорский районный суд Псковской области,RS,"Районный, городской, межрайонный суд","181500, Псковская обл, г Печоры, ул Мира, д 19А",https://pechorsky--psk.sudrf.ru/,pechorsky--psk.sudrf.ru,да,60RS0017
Псковская область,Порхов,Порховский,Порховский районный суд Псковской области,RS,"Районный, городской, межрайонный суд","182620, Псковская обл, г Порхов, ул Пушкина, д 45",https://porhovsky--psk.sudrf.ru/,porhovsky--psk.sudrf.ru,да,60RS0019
Псковская область,Псков,,Псковский городской суд Псковской области,RS,"Районный, городской, межрайонный суд","180007, г Псков, ул Петровская, д 24",https://pskovskygor--psk.sudrf.ru/,pskovskygor--psk.sudrf.ru,да,60RS0001
Псковская область,Псков,,Псковский областной суд,OS,Областной и равный ему суд,"180007, г Псков, ул Розы Люксембург, д 17/24",https://oblsud--psk.sudrf.ru/,oblsud--psk.sudrf.ru,да,60OS0000
Псковская область,Псков,Псковский,Псковский районный суд Псковской области,RS,"Районный, городской, межрайонный суд","180006, г Псков, ул Александра Невского, д 1",https://pskovsky--psk.sudrf.ru/,pskovsky--psk.sudrf.ru,да,60RS0020
Псковская область,Пушкинские Горы,Пушкиногорский,Пушкиногорский районный суд Псковской области,RS,"Районный, городской, межрайонный суд","181370, Псковская обл, рп Пушкинские Горы, ул Пушкинская, д 13",https://pushkinogorsky--psk.sudrf.ru/,pushkinogorsky--psk.sudrf.ru,да,60RS0022
Псковская область,Пыталово,Пыталовский,Пыталовский районный суд Псковской области,RS,"Районный, городской, межрайонный суд","181410, Псковская обл, г Пыталово, ул Красноармейская, д 19",https://pytalovsky--psk.sudrf.ru/,pytalovsky--psk.sudrf.ru,да,60RS0023
Псковская область,Себеж,Себежский,Себежский районный суд Псковской области,RS,"Районный, городской, межрайонный суд","182250, Псковская обл, г Себеж, ул Челюскинцев, д 1",https://sebezhsky--psk.sudrf.ru/,sebezhsky--psk.sudrf.ru,да,60RS0024
Псковская область,Струги Красные,Стругокрасненский,Стругокрасненский районный суд Псковской области,RS,"Районный, городской, межрайонный суд","181110, Псковская обл, рп Струги Красные, ул Советская, д 8",https://strugokrasnensky--psk.sudrf.ru/,strugokrasnensky--psk.sudrf.ru,да,60RS0025
Республика Карелия,Беломорск,Беломорский,Беломорский районный суд Республики Карелия,RS,"Районный, городской, межрайонный суд","186500, Респ Карелия, г Беломорск, пл Ленина, д 10",https://belomorsky--kar.sudrf.ru/,belomorsky--kar.sudrf.ru,да,10RS0001
Республика Карелия,Кемь,,Кемский городской суд Республики Карелия,RS,"Районный, городской, межрайонный суд","186610, Респ Карелия, Кемский р-н, г Кемь, ул Бланки, д 4",https://kemsky--kar.sudrf.ru/,kemsky--kar.sudrf.ru,да,10RS0003
Республика Карелия,Кондопога,,Кондопожский городской суд Республики Карелия,RS,"Районный, городской, межрайонный суд","186220, Респ Карелия, г Кондопога, ул Комсомольская, д 12",https://kondopozhsky--kar.sudrf.ru/,kondopozhsky--kar.sudrf.ru,да,10RS0004
Республика Карелия,Костомукша,,Костомукшский городской суд Республики Карелия,RS,"Районный, городской, межрайонный суд","186931, Респ Карелия, г Костомукша, ул Ленина, д 9А",https://kostomukshsky--kar.sudrf.ru/,kostomukshsky--kar.sudrf.ru,да,10RS0005
Республика Карелия,Лахденпохья,Лахденпохский,Лахденпохский районный суд Республики Карелия,RS,"Районный, городской, межрайонный суд","186730, Респ Карелия, г Лахденпохья, ул Октябрьская, д 12",https://lahdenpohsky--kar.sudrf.ru/,lahdenpohsky--kar.sudrf.ru,да,10RS0006
Республика Карелия,Лоухи,Лоухский,Лоухский районный суд Республики Карелия,RS,"Районный, городской, межрайонный суд","186660, Респ Карелия, пгт Лоухи, ул Первомайская, зд 3А",https://louhsky--kar.sudrf.ru/,louhsky--kar.sudrf.ru,да,10RS0007
Республика Карелия,Медвежьегорск,Медвежьегорский,Медвежьегорский районный суд Республики Карелия,RS,"Районный, городской, межрайонный суд","186352, Респ Карелия, г Медвежьегорск, ул Заводская, зд 7А",https://medvezhegorsky--kar.sudrf.ru/,medvezhegorsky--kar.sudrf.ru,да,10RS0008
Республика Карелия,Муезерский,Муезерский,Муезерский районный суд Республики Карелия,RS,"Районный, городской, межрайонный суд","186960, Респ Карелия, пгт Муезерский, ул Гагарина, д 29",https://muezersky--kar.sudrf.ru/,muezersky--kar.sudrf.ru,да,10RS0009
Республика Карелия,Олонец,Олонецкий,Олонецкий районный суд Республики Карелия,RS,"Районный, городской, межрайонный суд","186000, Респ Карелия, г Олонец, ул 30-летия Победы, д 10",https://olonecky--kar.sudrf.ru/,olonecky--kar.sudrf.ru,да,10RS0010
Республика Карелия,Петрозаводск,,Верховный Суд Республики Карелия,OS,Областной и равный ему суд,"185035, г Петрозаводск, р-н Центр, ул Кирова, д 27",https://vs--kar.sudrf.ru/,vs--kar.sudrf.ru,да,10OS0000
Республика Карелия,Петрозаводск,,Петрозаводский городской суд Республики Карелия,RS,"Районный, городской, межрайонный суд","185035, г Петрозаводск, р-н Центр, ул Красная, д 33",https://petrozavodsky--kar.sudrf.ru/,petrozavodsky--kar.sudrf.ru,да,10RS0011
Республика Карелия,Петрозаводск,Прионежский,Прионежский районный суд Республики Карелия,RS,"Районный, городской, межрайонный суд","185005, г Петрозаводск, р-н Зарека, ул Правды, д 14",https://prionezhsky--kar.sudrf.ru/,prionezhsky--kar.sudrf.ru,да,10RS0013
Республика Карелия,Питкяранта,,Питкярантский городской суд Республики Карелия,RS,"Районный, городской, межрайонный суд","186810, Респ Карелия, г Питкяранта, ул Привокзальная, д 24А",https://pitkiaransky--kar.sudrf.ru/,pitkiaransky--kar.sudrf.ru,да,10RS0012
Республика Карелия,Пряжа,Пряжинский,Пряжинский районный суд Республики Карелия,RS,"Районный, городской, межрайонный суд","186120, Респ Карелия, пгт Пряжа, ул Советская, д 61",https://priazhsky--kar.sudrf.ru/,priazhsky--kar.sudrf.ru,да,10RS0014
Республика Карелия,Пудож,Пудожский,Пудожский районный суд Республики Карелия,RS,"Районный, городской, межрайонный суд","186150, Респ Карелия, г Пудож, ул Пушкина, д 44",https://pudozhsky--kar.sudrf.ru/,pudozhsky--kar.sudrf.ru,да,10RS0015
Республика Карелия,Сегежа,,Сегежский городской суд Республики Карелия,RS,"Районный, городской, межрайонный суд","186420, Респ Карелия, г Сегежа, ул Гражданская, д 3А",https://segezhsky--kar.sudrf.ru/,segezhsky--kar.sudrf.ru,да,10RS0016
Республика Карелия,Сортавала,,Сортавальский городской суд Республики Карелия,RS,"Районный, городской, межрайонный суд","186790, Респ Карелия, г Сортавала, ул Лесная, д 2",https://sortavalsky--kar.sudrf.ru/,sortavalsky--kar.sudrf.ru,да,10RS0017
Республика Карелия,Суоярви,Суоярвский,Суоярвский районный суд Республики Карелия,RS,"Районный, городской, межрайонный суд","186870, Респ Карелия, г Суоярви, ул Победы, стр 20",https://suoyarvsky--kar.sudrf.ru/,suoyarvsky--kar.sudrf.ru,да,10RS0018
Республика Коми,Айкино,Усть-Вымский,Усть-Вымский районный суд Республики Коми,RS,"Районный, городской, межрайонный суд","169040, Респ Коми, с Айкино, ул Центральная, д 125",https://uwsud--komi.sudrf.ru/,uwsud--komi.sudrf.ru,да,11RS0020
Республика Коми,Визинга,Сысольский,Сысольский районный суд Республики Коми,RS,"Районный, городской, межрайонный суд","168100, Респ Коми, с Визинга, ул Советская, д 33А",https://sysola--komi.sudrf.ru/,sysola--komi.sudrf.ru,да,11RS0017
Республика Коми,Воркута,,Воркутинский городской суд Республики Коми,RS,"Районный, городской, межрайонный суд","169900, Респ Коми, г Воркута, ул Яновского, д 4",https://vktsud--komi.sudrf.ru/,vktsud--komi.sudrf.ru,да,11RS0002
Республика Коми,Вуктыл,,Вуктыльский городской суд Республики Коми,RS,"Районный, городской, межрайонный суд","169570, Респ Коми, г Вуктыл, ул Пионерская, д 16",https://vuktyl--komi.sudrf.ru/,vuktyl--komi.sudrf.ru,да,11RS0007
Республика Коми,Выльгорт,Сыктывдинский,Сыктывдинский районный суд Республики Коми,RS,"Районный, городской, межрайонный суд","168220, Респ Коми, с Выльгорт, ул Домны Каликовой, д 47",https://skdsud--komi.sudrf.ru/,skdsud--komi.sudrf.ru,да,11RS0016
Республика Коми,Емва,Княжпогостский,Княжпогостский районный суд Республики Коми,RS,"Районный, городской, межрайонный суд","169200, Респ Коми, г Емва, ул Дзержинского, д 136А",https://knsud--komi.sudrf.ru/,knsud--komi.sudrf.ru,да,11RS0009
Республика Коми,Ижма,Ижемский,Ижемский районный суд Республики Коми,RS,"Районный, городской, межрайонный суд","169460, Респ Коми, с Ижма, ул Советская, д 63",https://izmasud--komi.sudrf.ru/,izmasud--komi.sudrf.ru,да,11RS0013
Республика Коми,Инта,,Интинский городской суд Республики Коми,RS,"Районный, городской, межрайонный суд","169840, Респ Коми, г Инта, ул Социалистическая, д 4А",https://intasud--komi.sudrf.ru/,intasud--komi.sudrf.ru,да,11RS0003
Республика Коми,Корткерос,Корткеросский,Корткеросский районный суд Республики Коми,RS,"Районный, городской, межрайонный суд","168020, Респ Коми, с Корткерос, ул Советская, д 212",https://kortsud--komi.sudrf.ru/,kortsud--komi.sudrf.ru,да,11RS0014
Республика Коми,Объячево,Прилузский,Прилузский районный суд Республики Коми,RS,"Районный, городской, межрайонный суд","168130, Респ Коми, с Объячево, ул Мира, д 72",https://priluz--komi.sudrf.ru/,priluz--komi.sudrf.ru,да,11RS0012
Республика Коми,Печора,,Печорский городской суд Республики Коми,RS,"Районный, городской, межрайонный суд","169600, Респ Коми, г Печора, ул Спортивная, д 44",https://pechora--komi.sudrf.ru/,pechora--komi.sudrf.ru,да,11RS0004
Республика Коми,Сосногорск,,Сосногорский городской суд Республики Коми,RS,"Районный, городской, межрайонный суд","169501, Респ Коми, г Сосногорск, ул Октябрьская, д 13",https://sosnsud--komi.sudrf.ru/,sosnsud--komi.sudrf.ru,да,11RS0008
Республика Коми,Сыктывкар,,Верховный Суд Республики Коми,OS,Областной и равный ему суд,"167000, г Сыктывкар, ул Домны Каликовой, д 22",https://vs--komi.sudrf.ru/,vs--komi.sudrf.ru,да,11OS0000
Республика Коми,Сыктывкар,,Сыктывкарский городской суд Республики Коми,RS,"Районный, городской, межрайонный суд","167000, г Сыктывкар, ул Пушкина, стр 20",https://syktsud--komi.sudrf.ru/,syktsud--komi.sudrf.ru,да,11RS0001
Республика Коми,Сыктывкар,Эжвинский,Эжвинский районный суд г. Сыктывкара Республики Коми,RS,"Районный, городской, межрайонный суд","167026, г Сыктывкар, ул Калинина, д 14",https://ejvasud--komi.sudrf.ru/,ejvasud--komi.sudrf.ru,да,11RS0010
Республика Коми,Усинск,,Усинский городской суд Республики Коми,RS,"Районный, городской, межрайонный суд","169710, Респ Коми, г Усинск, ул Ленина, д 10",https://usinsksud--komi.sudrf.ru/,usinsksud--komi.sudrf.ru,да,11RS0006
Республика Коми,Усть-Кулом,Усть-Куломский,Усть-Куломский районный суд Республики Коми,RS,"Районный, городской, межрайонный суд","168060, Респ Коми, Усть-Куломский р-н, с Усть-Кулом, ул Советская, д 59А",https://ukolomsud--komi.sudrf.ru/,ukolomsud--komi.sudrf.ru,да,11RS0018
Республика Коми,Ухта,,Ухтинский городской суд Республики Коми,RS,"Районный, городской, межрайонный суд","169300, Респ Коми, г Ухта, ул Бушуева, д 6",https://ukhtasud--komi.sudrf.ru/,ukhtasud--komi.sudrf.ru,да,11RS0005
Ленинградская область,Бокситогорск,,Бокситогорский городской суд Ленинградской области,RS,"Районный, городской, межрайонный суд","187650, Ленинградская обл, г Бокситогорск, ул Воронина, д 2",https://boksiti--lo.sudrf.ru/,boksiti--lo.sudrf.ru,да,47RS0001
Ленинградская область,Волосово,Волосовский,Волосовский районный суд Ленинградской области,RS,"Районный, городской, межрайонный суд","188410, Ленинградская обл, г Волосово, пр-кт Вингиссара, д 74",https://volosov--lo.sudrf.ru/,volosov--lo.sudrf.ru,да,47RS0002
Ленинградская область,Волхов,,Волховский городской суд Ленинградской области,RS,"Районный, городской, межрайонный суд","187401, Ленинградская обл, г Волхов, пр-кт Державина, д 56",https://volhovsky--lo.sudrf.ru/,volhovsky--lo.sudrf.ru,да,47RS0003
Ленинградская область,Всеволожск,,Всеволожский городской суд Ленинградской области,RS,"Районный, городской, межрайонный суд","188640, Ленинградская обл, г Всеволожск, пер Вахрушева, д 8",https://vsevgorsud--lo.sudrf.ru/,vsevgorsud--lo.sudrf.ru,да,47RS0004
Ленинградская область,Выборг,,Выборгский городской суд Ленинградской области,RS,"Районный, городской, межрайонный суд","188800, Ленинградская обл, г Выборг, ул Пионерская, д 4",https://vyborgsky--lo.sudrf.ru/,vyborgsky--lo.sudrf.ru,да,47RS0005
Ленинградская область,Гатчина,,Гатчинский городской суд Ленинградской области,RS,"Районный, городской, межрайонный суд","188300, Ленинградская обл, г Гатчина, ул Горького, д 8",https://gatchinsky--lo.sudrf.ru/,gatchinsky--lo.sudrf.ru,да,47RS0006
Ленинградская область,Кингисепп,,Кингисеппский городской суд Ленинградской области,RS,"Районный, городской, межрайонный суд","188480, Ленинградская обл, г Кингисепп, пр-кт Карла Маркса, д 2А",https://kingisepp--lo.sudrf.ru/,kingisepp--lo.sudrf.ru,да,47RS0007
Ленинградская область,Кириши,,Киришский городской суд Ленинградской области,RS,"Районный, городской, межрайонный суд","187110, Ленинградская обл, г Кириши, пр-кт Победы, д 10",https://kirishsky--lo.sudrf.ru/,kirishsky--lo.sudrf.ru,да,47RS0008
Ленинградская область,Кировск,,Кировский городской суд Ленинградской области,RS,"Районный, городской, межрайонный суд","187342, Ленинградская обл, г Кировск, ул Ладожская, д 1",https://kirovsky--lo.sudrf.ru/,kirovsky--lo.sudrf.ru,да,47RS0009
Ленинградская область,Лодейное Поле,,Лодейнопольский городской суд Ленинградской области,RS,"Районный, городской, межрайонный суд","187700, Ленинградская обл, г Лодейное Поле, пр-кт Урицкого, д 2",https://lodeynopolsky--lo.sudrf.ru/,lodeynopolsky--lo.sudrf.ru,да,47RS0010
Ленинградская область,Луга,,Лужский городской суд Ленинградской области,RS,"Районный, городской, межрайонный суд","188230, Ленинградская обл, г Луга, пр-кт Кирова, д 105/3 литера б",https://lugasud--lo.sudrf.ru/,lugasud--lo.sudrf.ru,да,47RS0012
Ленинградская область,Подпорожье,,Подпорожский городской суд Ленинградской области,RS,"Районный, городской, межрайонный суд","187780, Ленинградская обл, г Подпорожье, ул Планеристов, д 5",https://podporozhsky--lo.sudrf.ru/,podporozhsky--lo.sudrf.ru,да,47RS0013
Ленинградская область,Приозерск,,Приозерский городской суд Ленинградской области,RS,"Районный, городской, межрайонный суд","188760, Ленинградская обл, г Приозерск, ул Калинина, д 21",https://priozersky--lo.sudrf.ru/,priozersky--lo.sudrf.ru,да,47RS0014
Ленинградская область,Сланцы,,Сланцевский городской суд Ленинградской области,RS,"Районный, городской, межрайонный суд","188560, Ленинградская обл, г Сланцы, ул Кирова, д 23",https://slancevsky--lo.sudrf.ru/,slancevsky--lo.sudrf.ru,да,47RS0015
Ленинградская область,Сосновый Бор,,Сосновоборский городской суд Ленинградской области,RS,"Районный, городской, межрайонный суд","188540, Ленинградская обл, г Сосновый Бор, ул Пионерская, д 6",https://sosnovoborsky--lo.sudrf.ru/,sosnovoborsky--lo.sudrf.ru,да,47RS0016
Ленинградская область,Тихвин,,Тихвинский городской суд Ленинградской области,RS,"Районный, городской, межрайонный суд","187553, Ленинградская обл, г Тихвин, мкр 2, д 17",https://tikhvin--lo.sudrf.ru/,tikhvin--lo.sudrf.ru,да,47RS0017
Ленинградская область,Тосно,,Тосненский городской суд Ленинградской области,RS,"Районный, городской, межрайонный суд","187000, Ленинградская обл, г Тосно, пр-кт Ленина, д 34",https://tosnensky--lo.sudrf.ru/,tosnensky--lo.sudrf.ru,да,47RS0018
Мурманская область,Апатиты,,Апатитский городской суд Мурманской области,RS,"Районный, городской, межрайонный суд","184209, Мурманская обл, г Апатиты, ул Ферсмана, влд 44",https://apa--mrm.sudrf.ru/,apa--mrm.sudrf.ru,да,51RS0007
Мурманская область,Заполярный,Печенгский,Печенгский районный суд Мурманской области,RS,"Районный, городской, межрайонный суд","184430, Мурманская обл, Печенгский р-н, г Заполярный, ул Стрельцова, зд 3А",https://pech--mrm.sudrf.ru/,pech--mrm.sudrf.ru,да,51RS0017
Мурманская область,Кандалакша,Кандалакшский,Кандалакшский районный суд Мурманской области,RS,"Районный, городской, межрайонный суд","184042, Мурманская обл, г Кандалакша, ул Курасова, д 8",https://kan--mrm.sudrf.ru/,kan--mrm.sudrf.ru,да,51RS0009
Мурманская область,Кировск,,Кировский городской суд Мурманской области,RS,"Районный, городской, межрайонный суд","184250, Мурманская обл, г Кировск, пр-кт Ленина, д 16 литера а",https://kir--mrm.sudrf.ru/,kir--mrm.sudrf.ru,да,51RS0016
Мурманская область,Ковдор,Ковдорский,Ковдорский районный суд Мурманской области,RS,"Районный, городской, межрайонный суд","184143, Мурманская обл, г Ковдор, ул Баштыркова, д 3 к 4",https://kovd--mrm.sudrf.ru/,kovd--mrm.sudrf.ru,да,51RS0018
Мурманская область,Кола,Кольский,Кольский районный суд Мурманской области,RS,"Районный, городской, межрайонный суд","184381, Мурманская обл, г Кола, пр-кт Миронова, д 30",https://kola--mrm.sudrf.ru/,kola--mrm.sudrf.ru,да,51RS0008
Мурманская область,Ловозеро,Ловозерский,Ловозерский районный суд Мурманской области,RS,"Районный, городской, межрайонный суд","184592, Мурманская обл, с Ловозеро, ул Советская, д 15",https://lov--mrm.sudrf.ru/,lov--mrm.sudrf.ru,да,51RS0015
Мурманская область,Мончегорск,,Мончегорский городской суд Мурманской области,RS,"Районный, городской, межрайонный суд","184511, Мурманская обл, г Мончегорск, наб Комсомольская, д 56",https://mon--mrm.sudrf.ru/,mon--mrm.sudrf.ru,да,51RS0006
Мурманская область,Мурманск,Ленинский,Ленинский районный суд г. Мурманска,RS,"Районный, городской, межрайонный суд","183038, г Мурманск, проезд Ивана Халатина, д 5",https://len--mrm.sudrf.ru/,len--mrm.sudrf.ru,да,51RS0003
Мурманская область,Мурманск,,Мурманский областной суд,OS,Областной и равный ему суд,"183038, г Мурманск, ул Полярные Зори, д 15",https://oblsud--mrm.sudrf.ru/,oblsud--mrm.sudrf.ru,да,51OS0000
Мурманская область,Мурманск,Октябрьский,Октябрьский районный суд г. Мурманска,RS,"Районный, городской, межрайонный суд","183038, г Мурманск, пр-кт Ленина, д 54",https://okt--mrm.sudrf.ru/,okt--mrm.sudrf.ru,да,51RS0001
Мурманская область,Мурманск,Первомайский,Первомайский районный суд г. Мурманска,RS,"Районный, городской, межрайонный суд","183038, г Мурманск, пр-кт Ленина, д 2",https://perv--mrm.sudrf.ru/,perv--mrm.sudrf.ru,да,51RS0002
Мурманская область,Оленегорск,,Оленегорский городской суд Мурманской области,RS,"Районный, городской, межрайонный суд","184536, Мурманская обл, г Оленегорск, ул Нагорная, д 6А",https://ole--mrm.sudrf.ru/,ole--mrm.sudrf.ru,да,51RS0011
Мурманская область,Полярные Зори,Полярнозоринский,Полярнозоринский районный суд Мурманской области,RS,"Районный, городской, межрайонный суд","184230, Мурманская обл, г Полярные Зори, ул Пушкина, д 12А",https://polzori--mrm.sudrf.ru/,polzori--mrm.sudrf.ru,да,51RS0019
Мурманская область,Полярный,Полярный,Полярный районный суд Мурманской области,RS,"Районный, городской, межрайонный суд","184650, Мурманская обл, г Полярный, ул Сивко, д 2",https://pol--mrm.sudrf.ru/,pol--mrm.sudrf.ru,да,51RS0020
Мурманская область,Североморск,Североморский,Североморский районный суд Мурманской области,RS,"Районный, городской, межрайонный суд","184604, Мурманская обл, г Североморск, ул Душенова, д 12А",https://sevrs--mrm.sudrf.ru/,sevrs--mrm.sudrf.ru,да,51RS0021
Ямало-Ненецкий АО,Губкинский,Губкинский,Губкинский районный суд Ямало-Ненецкого автономного округа,RS,"Районный, городской, межрайонный суд","629832, Ямало-Ненецкий АО, г Губкинский, мкр № 7, д 1",https://gubkinskiy--ynao.sudrf.ru/,gubkinskiy--ynao.sudrf.ru,да,89RS0013
Ямало-Ненецкий АО,Красноселькуп,Красноселькупский,Красноселькупский районный суд Ямало-Ненецкого автономного округа,RS,"Районный, городской, межрайонный суд","629380, Ямало-Ненецкий АО, с Красноселькуп, ул Ленина, зд 2Б",https://krasnoselkupsky--ynao.sudrf.ru/,krasnoselkupsky--ynao.sudrf.ru,да,89RS0009
Ямало-Ненецкий АО,Лабытнанги,,Лабытнангский городской суд Ямало-Ненецкого автономного округа,RS,"Районный, городской, межрайонный суд","629400, Ямало-Ненецкий АО, Приуральский р-н, г Лабытнанги, ул Школьная, д 34",https://labytnangsky--ynao.sudrf.ru/,labytnangsky--ynao.sudrf.ru,да,89RS0002
Ямало-Ненецкий АО,Мужи,Шурышкарский,Шурышкарский районный суд Ямало-Ненецкого автономного округа,RS,"Районный, городской, межрайонный суд","629640, Ямало-Ненецкий АО, с Мужи, ул Совхозная, зд 2",https://shuryshkarsky--ynao.sudrf.ru/,shuryshkarsky--ynao.sudrf.ru,да,89RS0011
Ямало-Ненецкий АО,Муравленко,,Муравленковский городской суд Ямало-Ненецкого автономного округа,RS,"Районный, городской, межрайонный суд","629602, Ямало-Ненецкий АО, г Муравленко, ул Ленина, зд 57",https://muravlenkovsky--ynao.sudrf.ru/,muravlenkovsky--ynao.sudrf.ru,да,89RS0006
Ямало-Ненецкий АО,Надым,,Надымский городской суд Ямало-Ненецкого автономного округа,RS,"Районный, городской, межрайонный суд","629736, Ямало-Ненецкий АО, г Надым, ул Пионерская, стр 11",https://nadymsky--ynao.sudrf.ru/,nadymsky--ynao.sudrf.ru,да,89RS0003
Ямало-Ненецкий АО,Новый Уренгой,,Новоуренгойский городской суд Ямало-Ненецкого автономного округа,RS,"Районный, городской, межрайонный суд","629309, Ямало-Ненецкий АО, г Новый Уренгой, мкр Советский, д 9 к 1а",https://novourengoysky--ynao.sudrf.ru/,novourengoysky--ynao.sudrf.ru,да,89RS0004
Ямало-Ненецкий АО,Ноябрьск,,Ноябрьский городской суд Ямало-Ненецкого автономного округа,RS,"Районный, городской, межрайонный суд","629805, Ямало-Ненецкий АО, г Ноябрьск, пр-кт Мира, д 39",https://noyabrsky--ynao.sudrf.ru/,noyabrsky--ynao.sudrf.ru,да,89RS0005
Ямало-Ненецкий АО,Салехард,,Салехардский городской суд Ямало-Ненецкого автономного округа,RS,"Районный, городской, межрайонный суд","629007, г Салехард, ул Чубынина, д 37А",https://salehardsky--ynao.sudrf.ru/,salehardsky--ynao.sudrf.ru,да,89RS0001
Ямало-Ненецкий АО,Салехард,,Суд Ямало-Ненецкого автономного округа,OS,Областной и равный ему суд,"629008, г Салехард, ул Мира, влд 15",https://oblsud--ynao.sudrf.ru/,oblsud--ynao.sudrf.ru,да,89OS0000
Ямало-Ненецкий АО,Тазовский,Тазовский,Тазовский районный суд Ямало-Ненецкого автономного округа,RS,"Районный, городской, межрайонный суд","629350, Ямало-Ненецкий АО, п Тазовский, мкр Геолог, зд 7",https://tazovsky--ynao.sudrf.ru/,tazovsky--ynao.sudrf.ru,да,89RS0012
Ямало-Ненецкий АО,Тарко-Сале,Пуровский,Пуровский районный суд Ямало-Ненецкого автономного округа,RS,"Районный, городской, межрайонный суд","629851, Ямало-Ненецкий АО, г Тарко-Сале, ул Мира, д 5",https://purovsky--ynao.sudrf.ru/,purovsky--ynao.sudrf.ru,да,89RS0007
Ямало-Ненецкий АО,Яр-Сале,Ямальский,Ямальский районный суд Ямало-Ненецкого автономного округа,RS,"Районный, городской, межрайонный суд","629700, Ямало-Ненецкий АО, с Яр-Сале, ул Советская, д 31А",https://yamalsky--ynao.sudrf.ru/,yamalsky--ynao.sudrf.ru,да,89RS0008
Новгородская область,Боровичи,Боровичский,Боровичский районный суд Новгородской области,RS,"Районный, городской, межрайонный суд","174401, Новгородская обл, г Боровичи, ул Софьи Перовской, д 72А",https://borovichsky--nvg.sudrf.ru/,borovichsky--nvg.sudrf.ru,да,53RS0002
Новгородская область,Валдай,Валдайский,Валдайский районный суд Новгородской области,RS,"Районный, городской, межрайонный суд","175400, Новгородская обл, г Валдай, ул Кирова, д 3А",https://valdaisky--nvg.sudrf.ru/,valdaisky--nvg.sudrf.ru,да,53RS0003
Новгородская область,Великий Новгород,,Новгородский областной суд,OS,Областной и равный ему суд,"173021, г Великий Новгород, ул Нехинская, д 55 стр 1",https://oblsud--nvg.sudrf.ru/,oblsud--nvg.sudrf.ru,да,53OS0000
Новгородская область,Великий Новгород,Новгородский,Новгородский районный суд Новгородской области,RS,"Районный, городской, межрайонный суд","173002, г Великий Новгород, ул Октябрьская, д 15",https://novgorodski--nvg.sudrf.ru/,novgorodski--nvg.sudrf.ru,да,53RS0022
Новгородская область,Окуловка,Окуловский,Окуловский районный суд Новгородской области,RS,"Районный, городской, межрайонный суд","174350, Новгородская обл, г Окуловка, ул Миклухо-Маклая, д 30",https://okulovsky--nvg.sudrf.ru/,okulovsky--nvg.sudrf.ru,да,53RS0011
Новгородская область,Пестово,Пестовский,Пестовский районный суд Новгородской области,RS,"Районный, городской, межрайонный суд","174510, Новгородская обл, г Пестово, ул Советская, д 13",https://pestovsky--nvg.sudrf.ru/,pestovsky--nvg.sudrf.ru,да,53RS0012
Новгородская область,Сольцы,Солецкий,Солецкий районный суд Новгородской области,RS,"Районный, городской, межрайонный суд","175040, Новгородская обл, г Сольцы, ул Почтовая, д 14",https://solecky--nvg.sudrf.ru/,solecky--nvg.sudrf.ru,да,53RS0015
Новгородская область,Старая Русса,Старорусский,Старорусский районный суд Новгородской области,RS,"Районный, городской, межрайонный суд","175202, Новгородская обл, г Старая Русса, ул Трибуны, зд 4",https://starorussky--nvg.sudrf.ru/,starorussky--nvg.sudrf.ru,да,53RS0016
Новгородская область,Чудово,Чудовский,Чудовский районный суд Новгородской области,RS,"Районный, городской, межрайонный суд","174210, Новгородская обл, г Чудово, ул Некрасова, д 32",https://chudovsky--nvg.sudrf.ru/,chudovsky--nvg.sudrf.ru,да,53RS0019
Ненецкий автономный округ,Нарьян-Мар,,Нарьян-Марский городской суд Ненецкого автономного округа,RS,"Районный, городской, межрайонный суд","166000, г Нарьян-Мар, ул Октябрьская, зд 24",https://nariyanmarsky--nao.sudrf.ru/,nariyanmarsky--nao.sudrf.ru,да,83RS0001
Ненецкий автономный округ,Нарьян-Мар,,Суд Ненецкого автономного округа,OS,Областной и равный ему суд,"166000, г Нарьян-Мар, ул Смидовича, зд 4",https://sud--nao.sudrf.ru/,sud--nao.sudrf.ru,да,83OS0000
